address,weight
0x52eC338681d1e3Dc7386877b421Fd983043bff0D,0.106100795755968
0x44E8f6A55201d71539734C93976110bD0F7107C0,0.106100795755968
0x738f0CeE2e160178CD61C1792AdcFdb8De10E6de,0.106100795755968
0xe4ca8BcFD2Ac38a0c4F9F3013C99080c10e44450,0.106100795755968
0x02c176cD7d7d4c277DBe0FBfB18fF63B7e5e8C9D,0.106100795755968
0x9C21caDAC8e5465FAB93e09E69c6aE19bd40f286,0.106100795755968
0xc8607E843eceAbf0e47Ce066177d145Dd940C61E,0.106100795755968
0x811182755B99Ca054C8e37090e0Ba904BFb0c5a4,0.106100795755968
0x924C0AF9D5D988DAEb3f06eaE3D0831243Aef463,0.106100795755968
0x959e2a4db1fA5d56B810759f2E6D80a01Eb9E892,0.106100795755968
0xa669a107CE241629DFe07Dc285C9807B6Cc59ba1,0.106100795755968
0xf9c991E5E84954561A4625A0DC0D879Fd7fbbebc,0.106100795755968
0x7A04ED81f52dbbBCb68e991727aE9dA18b304f80,0.106100795755968
0xd2b70cdad5ce6092dd2311dca5f9e610d423c246,0.106100795755968
0xE8A17b156B7f223661d6be4aEC1a75BF2ac758bF,0.106100795755968
0x45fcbd4e1652c7a1ab9bccc982a7b7dd5613d514,0.106100795755968
0x317F7aA365570F3105a6725Ffb647069507f6408,0.106100795755968
0x0101EaEE8D0013234C32936963FF504a9954220B,0.106100795755968
0xA3B583470A53aeb2848d9b24D0f385Be40CfA127,0.106100795755968
0xd52eF1Ee063D522Ac5E99E9ee2E6E4b65fC27Cd6,0.106100795755968
0x944c57E353c601Ee61066d3d1a7Fa86aA4896640,0.106100795755968
0x785B9d476eafb1E81f83Dc539ea95C15E7bdC3E9,0.106100795755968
0xB96CdFB0486bF4C6ef558558Dc351883Bec7D263,0.106100795755968
0x97b3BA3ed727082aEEfc30f46f7D648938a06d39,0.106100795755968
0x5623653B86921e316f481F5C5EAdc89E1809e5fE,0.106100795755968
0xb75CC5073eC07374C68BCF3bd3c94E8D49284a61,0.106100795755968
0xc36f2fe0f39a46a45c89bbF92D2531F7D1389062,0.106100795755968
0x49b14190107247c50d752f7c7697607735d89c5c,0.106100795755968
0xa2Ce8Bb4d2b018eD0F807aDc835cb8100BAeb9BD,0.106100795755968
0x4D234519EEFb6BEcA8Dd7d192939bB218218DB00,0.106100795755968
0x36B8aa79B05333397B0dA314566D280dF14CC9FF,0.106100795755968
0x04df8C1cBa27019eb0e7aD6DC9927d02b7c52478,0.106100795755968
0x390d727c1Fa341f9933BB795e89a9D0376811842,0.106100795755968
0xDBC65077e8eBBB22B49B58CAa6b49A6A90C174DE,0.106100795755968
0xD60fAbD72D787b37Ce36980Ff43fb19927D3A8D7,0.106100795755968
0x5014FA8A46A418038bfe302791c00819Ace04Cd6,0.106100795755968
0xa2b2f10a3c542fed3a53654cca97d34f628f55e3,0.106100795755968
0xc21E42756844b96C9FACaaDAce3402B0B51E4126,0.106100795755968
0x329a439Dc9ee46a8fb4A3F4a84aAc9d6F5277950,0.106100795755968
0xbB0681e131d704cb86bdA625A730c7866e262A3A,0.106100795755968
0x4f5F9dB14E195484cf7790fD3946CF6e66A166B0,0.106100795755968
0x5c6EAb623d6077cf754aDBeA779a127C2a97539D,0.106100795755968
0xF9640fd522d2228Ae90D148d656B49DB922c6f37,0.106100795755968
0x0d589fe6064956d49f0f9ec4fc89dbdf36db9362,0.106100795755968
0x0c8Ab35eACED5E2a5a1BC468743156D4aA5E9268,0.106100795755968
0x10E4De14Fbd0F71665d05336eA9b74B4c59b56b3,0.106100795755968
0x53F37B46249c94d1421D8676255DbE7F5E6b5b60,0.106100795755968
0x10c1Af10e3703D377f69BA9f4D17A5f3b8D3F501,0.106100795755968
0x7Fc1Ccd50FFfF00284456De6Ebc16b11c8660EB6,0.106100795755968
0x94f10cfd75b620fe64381186c0eb3aa560d557d9,0.106100795755968
0xf23D2D15B68D5FC44cD578e15a2Df944038Bb317,0.106100795755968
0xEf101Ae9Dc875A3347cdBA49c340c9D2B9C792A7,0.106100795755968
0x2456e5Eb5fB7A50242B9Bff710FB81Aa176fD744,0.106100795755968
0xbF3F787122E6D50488E5443587B079efD25E6383,0.106100795755968
0x72b6aB701CdF16fe01fD1B4cF87409dfeC80D3a7,0.106100795755968
0x7bE2df0Ec3E0Cd8348C5675dC3c022E7161567b6,0.106100795755968
0x708F0da98f5E11C3E547ec3B6bFF352bF760250E,0.106100795755968
0xd53f0b61f6C4725ac2F8dd9568b89d63B1523C36,0.106100795755968
0xC469b48B1555F34426eA980d6cee472C4121961C,0.106100795755968
0x497C36D937d719B707f30Df81f7D9F2F11Cd5d49,0.106100795755968
0x21554f1Ba9a35EF5eea42b1E4d8eb83826b9eb22,0.106100795755968
0x5d5768c983cb9c5aed04352299600b09655bd3eb,0.106100795755968
0xbD9847F56664955f291F32e895BC04C87A814cbC,0.106100795755968
0x121880B98308C80Af085A26A74f8364F8162B0aE,0.106100795755968
0xF631f45E0786a1f3e074fa1063de48d001dBAa9a,0.106100795755968
0x2715B583cdFf49Abba99D06Df742a13f6aA6932f,0.106100795755968
0x3a07f7045E25bc51643F161A1849f9cc4618F989,0.106100795755968
0x1a13975b89fB2E19a6c35Ee38E22c9EFacc837De,0.106100795755968
0x000008E45079Fdcff2F4655203F85C8Ba443548C,0.106100795755968
0x534C07b155f9Add1A95E268d1D0Ff56fe429857c,0.106100795755968
0xb395699AA1638a6FD1617Cca0B3f719e9E3E7dcD,0.106100795755968
0x2E48CcfaBE013A74ab163784F4DB8E4EB295b3e2,0.106100795755968
0x07Ed3E8e3Ce42087e825011c316e17f0051CC983,0.106100795755968
0x0BA2284AaFAeD001a416B1d8955DDDddC9fF25D8,0.106100795755968
0x619dBa6A9494FeA1F551810882D7BcE91e374aE0,0.106100795755968
0xd22769fD3eE303eA8fAcAf9294F6CA526AC8D643,0.106100795755968
0x91d14322ED813a5FfFa174bf5C69c111B1E31801,0.106100795755968
0x2c7109d5650abFd86952BC1d2E409584Bc72e310,0.106100795755968
0x0a6B3a7A621606C648d7c1b30d34d503DDeF4a07,0.106100795755968
0x3D1e10eeC9256f832a46F3f8AdaC60c7a80828B6,0.106100795755968
0x0D5d5aab608003D1a8572f1E99C31566bEe9e7eF,0.106100795755968
0x020e1c3D5A0cfE235acC53Ccbca2eA53D5964cB1,0.106100795755968
0xA27497315553eb215a13bB7C49000366Bc067337,0.106100795755968
0x6D60200794298B98324Dd38D15e9710DC5B04C89,0.106100795755968
0x3EF02b7922978a1200936de10e23C21499d795BE,0.106100795755968
0x8B30BaDf5CD3D04b5bcE33fcD6dB887450062cCE,0.106100795755968
0xb212E85c263094DCC95FC98f646471440F0fA931,0.106100795755968
0xd5EcCd567AA560FCc8DfAF22c839D1189ABCFDE0,0.106100795755968
0xE6666Cd611439A9A3500E8c0E14670Dfbb5027C5,0.106100795755968
0xa7f91fdC0D77E3192BDfa517AE8Ba43C83487B67,0.106100795755968
0x56B9ad1FB8d60DdBc95974505FAc72b2426F7CEB,0.106100795755968
0x52ce74F87Ef0878988F73d46650Ce481E14F8903,0.106100795755968
0x2FabCd57fFc29648A1A2B36bF373220826f27EF3,0.106100795755968
0xE052B7480FaC82eCED3630C5256e6b4A8d99a0Ee,0.106100795755968
0xE5D97b9C046E87E62f9A3654A57AE82167a5ff3A,0.106100795755968
0x3bF8a916aE1119707327a90De250276d480D5A5e,0.106100795755968
0xfA75151A9Cb15b861706a3396ed76453853019E5,0.106100795755968
0x626f46f8f4e528707a128a1172584847105599f7,0.106100795755968
0xddA42f12B8B2ccc6717c053A2b772baD24B08CbD,0.106100795755968
0x83d820d2A7c35092B9518ACe0B8310ebbFf7A384,0.106100795755968
0xb696d48ef52670cDfC719259d0E1BFf994bCaBDE,0.106100795755968
0xB3C42a035c883b588f7b8cF2D4f3f5390CD4c76d,0.106100795755968
0x54393e990B8CE14dF3770Dc586e823D427240aF1,0.106100795755968
0xde489c8E2eaF76f09944aBF8B9B62132e69d4A00,0.106100795755968
0x99b553E06F1a59Ed7231983D7D61eb0f707A3c85,0.106100795755968
0x097bA4a0dD30C3ad9Fa01D3Cafa17503Ffa7aa57,0.106100795755968
0x85e5EC20502f8aBa5a949451DcC83e9d2A337E34,0.106100795755968
0x0C6293473E571954444F0B248CA75Cf48E60c13c,0.106100795755968
0x800b706996093b1A9Bbb303343548696eF1eFd7A,0.106100795755968
0x6111228851D71a8Dd5C7c97477E963f265656986,0.106100795755968
0xc35AA98D3f5aEfFA9913777de7885daf0460f7D3,0.106100795755968
0x11A698A6a60c0bB96ef7B8f4EDE6AD8397B9Ae9E,0.106100795755968
0xd36992bC82546eB55C46Cf360A3d2430b21C4aB7,0.106100795755968
0xcBC1a487aDba85C57eD498C09dB5BA72b6BBd06a,0.106100795755968
0xC6EbA1743c1F01846acF93dBcac5261779FD1686,0.106100795755968
0x9637a9F084547892Fa198703dB7ce8f67680C651,0.106100795755968
0x71DC4E763DAAD3386C1A1428AE34f488FcB8d67b,0.106100795755968
0x15542587C265f804E2579D30b83b261A6A717Fd9,0.106100795755968
0x1b209e4710C04A6cfc11A0D4dD91E8012cd5e892,0.106100795755968
0x7E4009B2B9Fe8AEc81571e2f7362c7CDc278541d,0.106100795755968
0xE5A8929c08Dc8382D9E9F7D3C2f5e122e3e42315,0.106100795755968
0x70b928900E9e853d2d6BEF4998a74133aE7fc888,0.106100795755968
0x837c69048f606a30b82d4725218be01f1ca35306,0.106100795755968
0x5d7f5cA8E26c44E009ff378f9608c6e332B0239f,0.106100795755968
0x8a53516c79b93892fc0858fD510836EC7B1cF3BB,0.106100795755968
0x992db5964c1915d89A49C0842d1CC599e085De34,0.106100795755968
0x92b39E4C14A00A3Fb4F0a347237b35236684b458,0.106100795755968
0x7f8Cd6A535072AC099623a879cF93cBdAA4F513d,0.106100795755968
0x67d20ac8f57bd46ee2582a7e210ed47c738476dc,0.106100795755968
0xA171ea8033729538C144C6b6443ae06b1219A012,0.106100795755968
0x8BCAF06315F439FDd50dD6fD0cd8CD00b301d536,0.106100795755968
0x2A23D94Fa74b7119CFf9b8DDb44D5E112A1E3B21,0.106100795755968
0xa32225905A612D9A49FCc4BDa69d0b9Cd8c9e7C5,0.106100795755968
0x95D3ca0a1643C4AB20708e64F53683D16554347e,0.106100795755968
0x874448A50a9185f9E0c341EeDf08e8C233Bb03bF,0.106100795755968
0xEf777F82E7BD132D634E380FecA2226abC336f7D,0.106100795755968
0xeeF9F12cDFe9E79709dbf6879D0C12C0b367013B,0.106100795755968
0x37c1322D68734D011adeaCE6Ad39610cc231bc86,0.106100795755968
0x42742954F391a2FdAc26340f32eC18b1BD019C68,0.106100795755968
0xb0aca5c69ca0054f92ef49e89b4ed590391796b6,0.106100795755968
0x38ab8be63eb6513eb48786cc7599e074a621e124,0.106100795755968
0xF520CA536853032043f9bD65FdAB963e09561E6b,0.106100795755968
0x3bb83b98fF897aab5E647b77a601A2403fE0278c,0.106100795755968
0xc749d6d94B6241d38733114E10F8c339d4DA2bF0,0.106100795755968
0x39590cB14164Ab0e3AD1495d56DcE9C26541894F,0.106100795755968
0x25499543f0d495b4a1Dc2Bc82EC5acCCC39D31D4,0.106100795755968
0x560caF5B41632d87966c91E16221e7E24A5Cf4a4,0.106100795755968
0x591F182137BfA8F8Ea53Df5C5DD73E3a89733D92,0.106100795755968
0xd1111A6292692dfc091fc6a9d24f7D39b5237f4C,0.106100795755968
0x028443F3B4Ed0886A6795535BaC7425c68197a19,0.106100795755968
0x1a1a979565b282844Ad0000b214B32450CD63342,0.106100795755968
0x1c6D400b710D1cB74d9c07644c41c56dA81e645f,0.106100795755968
0x25811E13CFDca0BCF00E18078fAB5b170388e737,0.106100795755968
0x5e7D237Bf610FD4196190fea1C7B219F383b21CF,0.106100795755968
0x676C4f2c77F2ed2Cf046F92747AF654A1b40AabE,0.106100795755968
0x840DD17490156105Bb1277DE0215e844a65149e3,0.106100795755968
0x3bC0AB9C16Bb49B0B2F5DBDDA1a99eCB63acc08F,0.106100795755968
0x8aaC10A432f458C05ceA8fD19B71853E4de0aF7B,0.106100795755968
0xB76664E56f499f2435Fd6C55c095464B62204185,0.106100795755968
0x8987C3F7CBa5a64259cb77e3776A94A5a3E6b0AF,0.106100795755968
0x22A87512875fbd9173894f43FfD9CEA6A605E656,0.106100795755968
0x28Fc58AC8dD6B1e3db146741F37EC7d8Cfdb9977,0.106100795755968
0x3288Ad9b8E7D32F698AC35dE51ccC18373e33a85,0.106100795755968
0x9692628c2DbE3147e979Ed66f899a1CBD674950D,0.106100795755968
0x435962305d3D17705fe00A8B498Af2061AbF50cC,0.106100795755968
0x3e391A38a8B6EFE1961c5A04c5878b31321D1abB,0.106100795755968
0xEEF755453528a9E3e50E195C2904Ef61772f02cE,0.106100795755968
0x0aF1Dd36f81E2259aEE150C85390fb29eaf844f5,0.106100795755968
0x90d339bF4610c995a3Db2eEdaE9decd52d59b678,0.106100795755968
0xa5E6B798Ed48c6E7B5b13eaDBd6314c639e27253,0.106100795755968
0x838e8dc6D87DfC6AF2Ccd64264FDAC41331eC921,0.106100795755968
0xFE79c66A81554D6b54b37a8a15c967289e71131F,0.106100795755968
0x3A3e1C8bfbD6616A9819B4591F297D1a431628f3,0.106100795755968
0x3ce9ac0Dd8277e2993e83534D15E65cAF00165eD,0.106100795755968
0x730bBE154972F467062b3d91130aD36E67E55Ca2,0.106100795755968
0xa3f0B6034657a3FdAD800d483A923072Ff487E04,0.106100795755968
0x5fa79F9c2C166B0f52d37959392Fcc1c546b1b1a,0.106100795755968
0x9122e747fd487bA823b9A7e06D4cEDe9FB10a054,0.106100795755968
0x2293D882c9032Ddcd7719e263bD56C1a0db56F5F,0.106100795755968
0x339B9dB6296aE0983630e3F2D5d69135Da914350,0.106100795755968
0x9011a141766F533614919844594a93e5c1d40aeb,0.106100795755968
0xB879a021D27d624F32fe839b87595150525df65a,0.106100795755968
0xcb22a9F3acAde585082F84aDa2Df417D110588F9,0.106100795755968
0xE7294495206c1F5223D7F0C59B004Ce971760541,0.106100795755968
0xfED480E65ADb3e57bF4618C4482C67F9DD3BC1A1,0.106100795755968
0xfC4DDa3A97D91d769434f06088A024998F4144f0,0.106100795755968
0x64019C64d22535115FB308F6f367958Bfa0d146b,0.106100795755968
0xb95f95DaC12A3B430148e55c76d0c6182a398Ce0,0.106100795755968
0xE3B96aeb3041858C0A7188ebb07dA8661b1ea526,0.106100795755968
0xE43E51Ce3f34e2819eFD451F4FEdF5421f8cd1e7,0.106100795755968
0x525dF015d9120E19d52a1A727D884f5d2C480712,0.106100795755968
0x69aC2e50ab8e277cb17Cc982002b7D1AC6665603,0.106100795755968
0x96E1991eBD4b08975cBDca89d09FE7b677Af407B,0.106100795755968
0x9ffD21DbFe67CbC9A56De594f5de9703F7344709,0.106100795755968
0xd089a35C19E6a67d18d5c442984a2fc411d811e1,0.106100795755968
0x9a4077B114a2942043f107E73c9D29C7ccfcf8b9,0.106100795755968
0x9a7144794e5A43c9A15E9706BD650f830fcC03eE,0.106100795755968
0x25d5AbC6bA51601EBA8D747cdf6F00c2641b194A,0.106100795755968
0x4379c690D5Fe11C400a28e0C9077EE50094F0911,0.106100795755968
0xd9E68D8525335D3f86158fCcf8CB662ED2614085,0.106100795755968
0x2758F6929c3A480B4405799297C9825C663C92B5,0.106100795755968
0x95C471b2304ab6D44383B8cEf50b04BEBC2F097c,0.106100795755968
0x0dF506a50efD7880aAa69238Af93195C4835105d,0.106100795755968
0x13432E17870ba5B89c6c8A346Df4B944726aFBEE,0.106100795755968
0x78165d36c35AE3b2AB769aD08443DAF94cDC2644,0.106100795755968
0xdF5104293529e812Bd68CA8fC35E36b0336775d7,0.106100795755968
0x637a3bdFcDb2C3374DB927d29280b34ecC8bC192,0.106100795755968
0x93AeC8fE5AD2a4b54dd8Da44D87644152cfC8154,0.106100795755968
0xA83360De829b817d75db35308849Bc919117d3E5,0.106100795755968
0xB755B1E6418D34D5533267aF10322d9B79B93dd3,0.106100795755968
0x4D8BD62C7Cb6769795410C5d1209cc09bfE16C60,0.106100795755968
0x81b280F522Ced44E30E2127588a055dCa262Ea6C,0.106100795755968
0xB506C02F6b5B84e630e21B56347f2ec1a293B29f,0.106100795755968
0xcfc7e0d33A3cDF5b83e4d46b49F067b435605B6E,0.106100795755968
0xdD38e1F0EB28A94236193BD4a1C463C8A177284c,0.106100795755968
0x018A614035723816A6227e004B367fAFb30b82Cf,0.106100795755968
0x5BA5Bb2ddA6770898855E40C2f2b5cD5D8E91D57,0.106100795755968
0x9168a80AF210c511e4BE5b32d7de75124D0a4996,0.106100795755968
0xa7530577983e2A1bcbd094EdEe034586efC65eC9,0.106100795755968
0xFC397502e11b8e08935Df2295eCB8A79D2122975,0.106100795755968
0x0D869045A18Ac7969AB895E1e47238Ec12B28425,0.106100795755968
0x4aaD3FE13980e141BF105B8196288c77386830e2,0.106100795755968
0x5008b540fd84BbC8C8a47643CA0841aC7B4C4A79,0.106100795755968
0x51FE1160297C62457FC3f89664f6f8f1b1680d78,0.106100795755968
0x5b0D5a68beaeC210Ef40666bCCFD8ae44Ccd52aC,0.106100795755968
0x7CE1E36C5AA2686bcfcBf09Ead826521C7332F48,0.106100795755968
0x8B0b9d4745286820D8C274d34E503141B35315b3,0.106100795755968
0xa941275C3907192f0D84A9e1a21F3276e620604d,0.106100795755968
0xCd698d5CeD832F6180c28dbfC589475fac931f52,0.106100795755968
0xD4F255Cb3D585b9F37b46DEc1F7591c43404FD25,0.106100795755968
0xEf9C3BDA2b1B23Efc2eCDe4f5d04c9C914b42258,0.106100795755968
0xEFa83eb36Fa8fd15c0E8d5eFAd0055192fFF6045,0.106100795755968
0x11eA9589d8ad2f6D48B340b82148b6d96a6729e9,0.106100795755968
0x132c588a4c89f808856E0E6f38FD073A185fc7e6,0.106100795755968
0x4388C8D9496583E26a8C4f613e95a43A5bF6cedd,0.106100795755968
0x4A631F9D1B015173595D6635A3635af568bEc2BC,0.106100795755968
0x64c7E9BBcB0c4bcdA55e19757E96D8Cd5E6392A2,0.106100795755968
0x6875c7DAD7E4C48ec95D36CDEEa804d93D2A3f34,0.106100795755968
0xAd97523928028D2bC4e50f34b45465a6d53bCD97,0.106100795755968
0xCef87676b7dFD1538e8C0dA209Af820dd057374E,0.106100795755968
0x95156b377921E841bDcc8470E582Aec3D6A8c8E9,0.106100795755968
0x9a89162D26dB6759344c774F0d90b2c6B913E831,0.106100795755968
0xB71EEff8FB0f902F1C78a591CDDDf65830a6Ae58,0.106100795755968
0xE6590D8a376814D64af27CE4eDC6470fAB4bd552,0.106100795755968
0xF91F9D1404927f2e04C542d6261ccF2c8CD84d10,0.106100795755968
0x1014A66402Ff5b51d86a527da1dbe96343Bd9D95,0.106100795755968
0x535B65Cd486871e105168Ca9c37065803Bb462bC,0.106100795755968
0x6a9B86e5a09EB214557825c89cD2aaBDd832b830,0.106100795755968
0x71bcF2Cc6dAEcA5Ad66A7b6856ce8bBB8d02D85C,0.106100795755968
0x95e3E31106FC82bB25FEfD2c097C823a588ce144,0.106100795755968
0x9c097ac9a07C40f1Ea71187efd789Ca6660c7CA2,0.106100795755968
0x9f8ac2e4b10b1A7F1EC1bedB40fA6698c0a9d25F,0.106100795755968
0xbB780AA5b4a12D2D46F9b3f778aa12f517E6dc68,0.106100795755968
0xcFc737Dcf8B2c3572fA6DE929F551Dd7b15e6a46,0.106100795755968
0xf76eBe7414b0CdBaBdB9F002B651A4b7A4B413Ab,0.106100795755968
0x00912C5c2a6f3423915bd62d963bfA6a17334cB3,0.106100795755968
0x15c27ED229C6C345748603EA5DD53F6eb18B7Eb7,0.106100795755968
0x48d7d9E85f90C3489910e5E3461d19DB29a9A35B,0.106100795755968
0x4DB6E049Ea463F192a735101cD0C844614E0D29A,0.106100795755968
0x639e81E16A23aE6A8835b6731BFCcf908Ee165Af,0.106100795755968
0x8e5dBeD4D106c3694b6c3E6d155ec4A46fEcb390,0.106100795755968
0x95e16C5211e6Db46771d18512418c51669B23ECa,0.106100795755968
0xbb46E65BAB7719C3819b1f7524B3f3878D8eC2A9,0.106100795755968
0xBfD561e0fE8d9F80154a1fA52Ce3F04A09A8969b,0.106100795755968
0xCEc03755ef910b3d253EC83C4b1B48cf3D03F936,0.106100795755968
0xe6bC95f98e954bD84Ae3AF14cA1a8f4509e4a764,0.106100795755968
0xF88C303D383AC9053841531fB64720cF92a8d8D6,0.106100795755968
0x02047F5b02665678051aBAd3E37BD43bd0bd5153,0.106100795755968
0x0496E3E59Df437E337d33F69fd0f92da3Ea4D154,0.106100795755968
0x17622Fe7DCa99829dEDBbF817060C51AcCD9C790,0.106100795755968
0x2bfb71Ad67F2eDfc21C3818E18C0e708222b0671,0.106100795755968
0x2fe331Ba731aE88eAcbF98744FAdc18ff4641F9F,0.106100795755968
0x31C40f10a91e4C18EE40606B6bf1270ada077e55,0.106100795755968
0x35dDaf63298a0f6b36BBeCE75B32552F762f1fcf,0.106100795755968
0x3C891bD2199C0D5e4C29EFf8C5C89B13C0Ce8B2a,0.106100795755968
0x4a5f4E8b1B177F0332787Bc8602AeD43657B4d12,0.106100795755968
0x5A69209542697fD0f5Fc00e198fB092797bbDba4,0.106100795755968
0x62E67631319F586D8A1Fcb07Fa1209F20C044b7b,0.106100795755968
0x850bABfe1050162534ea06aB8D009b5Ee2509513,0.106100795755968
0x85adbB235b7320616DFC3185c42ba8dd637095d7,0.106100795755968
0x87b15eB3d7D71D28a68A2152Ca33a056fCb4A600,0.106100795755968
0x8bA0e6c581E0fc646511982caBc78D9DA78270bC,0.106100795755968
0x9dc717Ca31349db567EC91AB8bBDfC9082BA5bB5,0.106100795755968
0xA2E460862B628271F47579321275049b24677f47,0.106100795755968
0xcEbf6C32533291322bf57FEced73a755FDb87494,0.106100795755968
0xe2600C00bdbF6dDb9332940a5cdc5aAB065188f0,0.106100795755968
0xE6b4a3CF7ff6B5f0Bcb684F7E663D17637eba8E2,0.106100795755968
0x12B8f013F0F765A8D66dA0A8b7Ed7950396D561d,0.106100795755968
0x1405BFb69a2EF387473b76F08B479F5f1dbd401A,0.106100795755968
0x1478E211C6752581B3fb6532e8E9EFFDf0755006,0.106100795755968
0x207CA5DF9f1FdAfF263cF15FffADe81D6A4e90E9,0.106100795755968
0x362cfb529D383f6D7abcfF5fC39719A4FDa50270,0.106100795755968
0x395Fc9a7B8B2371721aacEBA07cf7AE23F55BA14,0.106100795755968
0x3984332F9d2FF818558b3826f7Af16e1c0F27883,0.106100795755968
0x48844957C812Efb3c3CEc316ab6389d689EF8A55,0.106100795755968
0x54b0043204c42428BB571313261974203C8423a9,0.106100795755968
0x60d05664Bdd80a2e80C9cF1251b4CD66d4f6f37b,0.106100795755968
0x64855adFCEaC545665580d407477AE8b580EA66a,0.106100795755968
0x6DC3FAeb5445aAbCae0A43c79F9262eE0c626155,0.106100795755968
0x7B95B5fBc59f452F896DAeCB5be7c032637C4EF9,0.106100795755968
0x9e3DbBaC91ABeA3494aA490c17D75DD1EeCd88cC,0.106100795755968
0xAB8163F45f9cD96cD1f52Ed398aeFaFe05AaBB85,0.106100795755968
0xae0d8A2eC48791cdAfCbeFf7ee9754e25F2c093e,0.106100795755968
0xB9e79E46A7EA506D6ab9fBcf45a3292E9AB36960,0.106100795755968
0xdc632C0E80D0C3A5222287547c0c7be712FB79bC,0.106100795755968
0xDCB669B0eF1c9D2C2366e7a7c48bBEdcbA56eE0a,0.106100795755968
0x02cDDE4ab62173a160F7C0FB482Ae3a086F77a3b,0.106100795755968
0x042ffe02F6565dAD4c359D335765356B705aB50A,0.106100795755968
0x07F646cE74932688d287F1aCDa9C6AF37ae8107e,0.106100795755968
0x0bd48892671650cD5377368Ebdf9a19b09837F08,0.106100795755968
0x0Ed7736b11543c77930a922457B9Aa2F51813F99,0.106100795755968
0x10261F9A511A4A8aCa1542Cf9426AC81DafDC3C8,0.106100795755968
0x10b268C6D203F1d2998393ba02598e2c04F84026,0.106100795755968
0x116a729B194a0E1770b0604df7c0cc0bAa397112,0.106100795755968
0x16D98e0E715041A4D604FCc1465FB0F5c3e2e683,0.106100795755968
0x18A428CE0c31584a21CF8ceFDb8849d8013E1994,0.106100795755968
0x19888d3c632D34B5bc3Cd05E6f9a95E54250a1a1,0.106100795755968
0x1F0922964249562c436ed54B2FAdBe3a9D2519a7,0.106100795755968
0x268bABDE866bbfa9F370294D1beA5230454D5E67,0.106100795755968
0x2c1E1Ed422948230e2160a548de7d6e6127d9237,0.106100795755968
0x3210f631996b978F77A4FAE72C306a79B1a3030b,0.106100795755968
0x34Ad13382D8695B196aA68F4dA8F821C4F2c18F8,0.106100795755968
0x3589264d424aB0461A24064181aF72de7E749f2a,0.106100795755968
0x3C3D3C999AF6f19735c57b45be86A36b4566E4b5,0.106100795755968
0x3e1529C071622020d78D5B3FF4162C62dc22c052,0.106100795755968
0x4377D2eEe8c50c176f7023eB6ad0840ed9A83333,0.106100795755968
0x46c87e9c48C8927519A2B6A09138F343799F4982,0.106100795755968
0x4892dA41DD1a17b8aB921Ed9f6d097e606d85Bc9,0.106100795755968
0x4bA1A89a60cCf5c9F1241090F7113BCF80C8e63c,0.106100795755968
0x4bd9F1533Aefcd0022b928b1cB0A7a9EdD49392E,0.106100795755968
0x4F343CAe633f5aD582aD26408Dc6b4f3101A46A3,0.106100795755968
0x5D3fE153159388E2d4aa9D5fd8FD2a49Ee198bB0,0.106100795755968
0x62F02D1f2e7Af074443029B6eC401D45bA2BE7Cb,0.106100795755968
0x651939523729ff115AC7632F27a11f29729849E1,0.106100795755968
0x6554fCe5D91308B8019b137396a5D9dE1eF3D44f,0.106100795755968
0x6C8275b14c555F5EE5C7795B903D1554af557989,0.106100795755968
0x7437c8759d27ee4d64f7291A1B42bED7BDd2c1c2,0.106100795755968
0x746750e663b58635C193260982Bb3828bfcf042C,0.106100795755968
0x74817C3D60c8cD0E9bDC7E97f87508903e3426E4,0.106100795755968
0x759cf3797e67C4692C2B9362dD57454929a2634d,0.106100795755968
0x7648d446b86dEBE8D6f88f93b33E663a2000b6f2,0.106100795755968
0x782bD43e34cFa11eBb717300B64023277f17B989,0.106100795755968
0x7941D614f8bed43912b2acf9661D86748Be9a98d,0.106100795755968
0x7C4c98428c854b5d193e08A038272D088C46d8f8,0.106100795755968
0x828c0F713B9f6a4e1C1047F42BA3fDe1713B23C7,0.106100795755968
0x88DFb28437AB5Dd6BDE25A100166a13db9f3850d,0.106100795755968
0x8a14139ce6104D7Bc1885c7D5B36E4717fd74Bb1,0.106100795755968
0x8B9489Bd7A534a2c6D070114Df51B9aeB44fd43F,0.106100795755968
0x8F6F562a4b1e9fa2205b403A7ad4FFb8A19c10b4,0.106100795755968
0x94E3e5B0e72bBdcd2C5E513bCb010F294b1A5d68,0.106100795755968
0x966127993a6A07A5d0a4E60b491127fD04124E55,0.106100795755968
0x9761beDf1Dc70Fe4749186158527BacF61def96F,0.106100795755968
0x9B804262EF1589c46f2e883C537e9710514577Df,0.106100795755968
0xAa665B408ca005F3e999337c2bBe18deAF7cb26a,0.106100795755968
0xaB89b1d312B6a8C9D4D95ed869b5E5b79732a210,0.106100795755968
0xAd7D04d883b65E39EE1a8665F3283C001aCc2102,0.106100795755968
0xB080fc7183feFba12f05EE3f70Ae0986533873AB,0.106100795755968
0xB1bd1B4A2ce711ba594d8e4143C0A0ecdB5eFB84,0.106100795755968
0xB79202ca0b4988868422463CD0622F2773b29bB4,0.106100795755968
0xb9CBb01a6b41795853067E1f2fdc2159B4239763,0.106100795755968
0xbEEbab1db68b41578aF26D81C88e32bA82036A25,0.106100795755968
0xC474C40C84E6c0974A54729f2538fAa448bb47be,0.106100795755968
0xc4ad6F93906716e4cFb975a4BF5BCD26b2F88170,0.106100795755968
0xC96FE57315e40EB66197c4a83b42AC56467C89aF,0.106100795755968
0xCCc054C3FF50C3F132bD4dE74C2F7291ae88e0F9,0.106100795755968
0xD1ec0aD3c10761b3890EC80b02bb98Dc17a2d889,0.106100795755968
0xD2303d3792fA37Ee2Cf2328D1Eeed145436348A3,0.106100795755968
0xDd0Bc5FB53a37091a749d069aa3576810fa79a7a,0.106100795755968
0xe3Acf4DC854dC144Dd9dF32042BF92162a44FbEE,0.106100795755968
0xE5b30D5c61767d407903e98316ABe34A960db538,0.106100795755968
0xea1F3aAE0A4f7040F34B082305c52b934B614826,0.106100795755968
0xed8be6894443d660904a2b9D436fc988a7131018,0.106100795755968
0xEeE8dEe37D5f3d5bea7740bB2de932820e847153,0.106100795755968
0xeF532911656C39c6Bc23fBAbD05f816055949cF7,0.106100795755968
0xf0B01809FcAe5c6E5C9D0B5c034452267A1F22F1,0.106100795755968
0xF1718bB14cb87053C2B2fA92396cfaEf77959961,0.106100795755968
0xF7c1C5aA3F23c36fbCD864f730bd0EA7F9d62156,0.106100795755968
0x01D9799410061CCc2daB6b1ED11700C23Ee17b3B,0.0704225352112676
0x022aE21dA4883A916569a70b03051e92c4C6c6F6,0.0704225352112676
0x03F3DcdE8731CF3f9CE1104dC67f58F20dd37023,0.0704225352112676
0x099b87e1FA4996e4d632cccCDc1694caddC420bB,0.0704225352112676
0x09D9dE5520389bBfc69a96F4F6247Aff04837035,0.0704225352112676
0x0b5Aa2aa22e3F0a0930a04Fb0a84B589139DD06d,0.0704225352112676
0x0cd960e57313079e79cB44b752cfA511641DAfFF,0.0704225352112676
0x0ECcAa91e240dFa5f201230F291172d954Cf0D9c,0.0704225352112676
0x100a3c36BcE48ebC6Ace47b679629f0f5f869252,0.0704225352112676
0x11291E7cc9d116c89073C103D3497b6E9Cc6dee8,0.0704225352112676
0x1290FB59A200702a10e3f611afB1Fe93e394F087,0.0704225352112676
0x164003178fCaB86c88A51a5208BB7b33D8a65a98,0.0704225352112676
0x177B448EcB96766C99B6657b0d62564294603df0,0.0704225352112676
0x1C49AbA3A54660Be32280F514234A12DF3EdEe9D,0.0704225352112676
0x1eA298B73b171Fd6A148Dc4Cecc78d2856CcE558,0.0704225352112676
0x21757dAdfb0Fb936c42EA5a9e20A9636E692e5A7,0.0704225352112676
0x2272D3fD2bB5C091055cccDbC7f6c39fBBa0f76E,0.0704225352112676
0x22fef1Ec0239DE23A6D5855790fa15e9525c40e0,0.0704225352112676
0x24648067cb9e91066777A973344021F8F5091eF5,0.0704225352112676
0x24bca7493eaEa45ff447CF4C8e3C00bBA5A59D02,0.0704225352112676
0x276237a3B9Ee5C54a1b2693DEAC502d59e376506,0.0704225352112676
0x27DB67e444d0Ed731b560e7B20047D4202AFE37E,0.0704225352112676
0x284F41033c6Ddb22D028191a29313C26aEb597f1,0.0704225352112676
0x2863551d8b7d9040BA20a90A3B60DE32d5BF37c1,0.0704225352112676
0x28baDd4C4603D3FFda223FFf00cDf695402ee4dE,0.0704225352112676
0x290323B05BC6b0a6848c88C4f19E4CFA377DD028,0.0704225352112676
0x2c3110BFe6d4e737794877d6eebE1A71fea58713,0.0704225352112676
0x2C365C340EcC2E4AA1b4Fc5bb0EAceaaF00a5aa6,0.0704225352112676
0x2E963a9eB1BaAbd46E5AB5f654EAf08455a565A7,0.0704225352112676
0x2f22d917D63A5ABe616fE5650C718cdF704733b4,0.0704225352112676
0x314Eda325DBd464f67A69DEdF49da92161f56088,0.0704225352112676
0x31a0Cdb7157511abB79DB99495097E2DE57C6995,0.0704225352112676
0x32633885EC63515a21226a43ee680d881974Da2d,0.0704225352112676
0x32af05D53138f5c61D4baef5fBe7f6f0EC9230EA,0.0704225352112676
0x32DeB8D1848c238C2AC161F7D028e67766B21bbA,0.0704225352112676
0x3388d4E245De63CD7D866Fc88f71fDDAaa1CDC91,0.0704225352112676
0x38524639CAf3D1eD4a8e988244c6f53D5518379e,0.0704225352112676
0x38cFC8163FAEDE0638f88D98110cD0a9921916C3,0.0704225352112676
0x39235f1afa1ac5d21BB6a33974F35f847D33E245,0.0704225352112676
0x3933721e39195Fc38D5705B59db1B6EaeF1Ae045,0.0704225352112676
0x39aF74522190890FB39Ee008aC378E2cABD27eCF,0.0704225352112676
0x3bc08faD548d5C4f78DAad06360640DF72a9Db32,0.0704225352112676
0x3D047BE240FDBB56444173472F0b8BC662D0fbe2,0.0704225352112676
0x3dAddac5E7c1afA3F61de908a6094B549d2d3a8c,0.0704225352112676
0x40e619333e7b1d0606559517A2F820FfeFb02642,0.0704225352112676
0x40fB3d0823D4e6AA3404B7D4c81A685eec104c2a,0.0704225352112676
0x42266C1802c0F6ee274f681E58745716716e28e2,0.0704225352112676
0x477F07972058E41834F136809881AFe2a16b7645,0.0704225352112676
0x48549008521FD44A27d69D5820183c9308Ada0D2,0.0704225352112676
0x4e173262aeE5b3c1CC6E72A25D94cd3Ca8Ecb1C8,0.0704225352112676
0x51193C975633c6f65C5D5A82c8E6B92ff7465570,0.0704225352112676
0x520D9aB02A58FAA451F5A7D1E9DFbaf82BE547FA,0.0704225352112676
0x526B3f29fB1E9Bdaeec0a3c39d7D71B55A37d7A5,0.0704225352112676
0x52d7De48b50Ed15bcc86CB40192F9A7c871FA5aF,0.0704225352112676
0x560B80e8458DfD75F6474a900DcE28af3507F02A,0.0704225352112676
0x572695239B5647883A1608D4561e5739142856B4,0.0704225352112676
0x5ac3A9F53F9C375b7DCF4dA142Fbf322c39994f1,0.0704225352112676
0x5E4c25fa3F234BedEd97bef285e722851c79e087,0.0704225352112676
0x614942b40fD3434bbBff41EC80eFA5fF420F6973,0.0704225352112676
0x63A4C986d7765314BB7650f790F236F2E74c8EB8,0.0704225352112676
0x6411bC72b886BDA1Cb878fD16835E592a2320C2d,0.0704225352112676
0x6539F90f3A6eD3F5E72cf929bD7D1fE10E22f443,0.0704225352112676
0x65fB79DB679D32F20BA257A1DEb8407408d28AA8,0.0704225352112676
0x6688F72e3dF6eFd627a94958B9095214124819F7,0.0704225352112676
0x69239b8fAc72Da30979BA2D0D03e5d6Ee24785EA,0.0704225352112676
0x6aD152260255DC41C0b24B4AEBFAD34c03Fa65bb,0.0704225352112676
0x72553Ca8F9167e0101cC8E4f3deCe5A8E0Eff0CA,0.0704225352112676
0x7504577aAEf41285E58234E64752A7bAd6bD06D2,0.0704225352112676
0x75Ee4074f1Cbbd9B1F25be04DB4f368E733d6AB0,0.0704225352112676
0x776b98208EBe6244667Dd3772A68c932Cc0adD81,0.0704225352112676
0x780C7aC8f9238934F5dE2a97FCD2A413A404816b,0.0704225352112676
0x7a3f918a7964C397DB0fba68abd386Bf3f50D163,0.0704225352112676
0x7b95721470b9149f52145e236e42aA1E28067FE7,0.0704225352112676
0x7bE74966867b552dd2CE1F09E71b1CA92C321Af0,0.0704225352112676
0x7Dd50E2787563137586A3d6C7774CE4630FE110f,0.0704225352112676
0x7E17800e7fb9a35d064aB350Ece6DFF5766a41f5,0.0704225352112676
0x7E7d4d133c83cb7eB555Ad0B1E40A2D3E74aBFEF,0.0704225352112676
0x7E9A1F43dFde9086Bd46A634635bc60e69f3cDF5,0.0704225352112676
0x7F4294D60D45469c258a05FDb00763E68aE8D7de,0.0704225352112676
0x808b58415231f734F043668a35B9a365fb250352,0.0704225352112676
0x80f2bDaF5C2ed3687Ad561d03F9C73812c0161da,0.0704225352112676
0x822338A4Fd02B00410cA949CC58B9fC23B3ae4A1,0.0704225352112676
0x82ea72fb5931C36c11860720f40F4C3605f5c12D,0.0704225352112676
0x836985a1765daA8eaa2Ec65E1DD9e3AD2084cD9B,0.0704225352112676
0x86278B41Bb66b2DE273999e2cFF6C7b0c25fAdC4,0.0704225352112676
0x87a06953820321c0c18b9334784B5B7518800CdB,0.0704225352112676
0x8B1C9B2A02f1f4E2B9Cc72E4b7Dae59a1cb53338,0.0704225352112676
0x8b8d6374b375ed417F22d1c95693973f654e4124,0.0704225352112676
0x8Cf9Ba7F9A7Dc8950b4A7Cc7e06E187dBc7eEa77,0.0704225352112676
0x8fc8c175d4bf517B0a58EB7a6279eD07Cb0a7Bf3,0.0704225352112676
0x8ffF435B7aacAA4d0D301a2511C212246C3c64f6,0.0704225352112676
0x91A7e9C53E31A7a95B740a1fE3c534dCeAcA4B60,0.0704225352112676
0x924f64d9c2f3761da3e9F5F19849C9f0c7e16c6f,0.0704225352112676
0x942F98bB53Bd23aF87A08BCA0C922c44660b27Bd,0.0704225352112676
0x97C9d207212378171865D4dde7a28F1ED0A8C9de,0.0704225352112676
0x999EC109D189E796C7FFA219DcE91beec9fd57F7,0.0704225352112676
0x9A2c95472efFEe14e255c157C612bEcf661B66c2,0.0704225352112676
0x9Aafa7D60ec72D3324E62426C3f8170F2462D328,0.0704225352112676
0x9B8aEca85a4c223c9F646675d420003822B6A4Ab,0.0704225352112676
0x9ba8e2137525dE85b8140558973c889493CeA9b0,0.0704225352112676
0x9dbc62ce61572b2BC164A72a09adA92B761530fB,0.0704225352112676
0xA45F6F6973E5E30F41B0B65F0c26B73F5326a193,0.0704225352112676
0xa4d0Af79B469ce9b4Bb55f96dDAe63dF6b2Ce879,0.0704225352112676
0xa70c107772D63d57b4FA175aa595A3500017752D,0.0704225352112676
0xA82a99d2f400A445F13F6D1CF70f7a7e51512c6e,0.0704225352112676
0xa926fC09351F26f07FD3198CAB0E1092950b7312,0.0704225352112676
0xAa108c213C8C656C0bb9BcF7a5Ba7625b5C0B3d8,0.0704225352112676
0xaC48c2dC9d511De9C1C2720e10ca27B0c62E3Ac1,0.0704225352112676
0xace4aa17B64658dAC2108D9330967FB0379A083c,0.0704225352112676
0xaE3754df0459fA3c5A65A90155d71E09c9a604Fd,0.0704225352112676
0xaf92cdBfaD6A4738B5853b70ea40CB2C8142DA7b,0.0704225352112676
0xaFc8947AAd8bA8fE2fb780E8836981263Da96D9A,0.0704225352112676
0xB1dF83131970815632E073751Bd178EDA0F9D27d,0.0704225352112676
0xB271Ce77a0169124a3310dF5C96ECECec77048F3,0.0704225352112676
0xb2A6E934a2c4131Bb9f853bAa6701a343bdEb3ea,0.0704225352112676
0xB33eCd7bbB4cAE71D164d083e112C43E63Ed1929,0.0704225352112676
0xB668F3F9bA6db6ae3a70e503B4AFf99129D91609,0.0704225352112676
0xb6a4D859261b4DB97c076162D273691fCdb1Bc97,0.0704225352112676
0xB743c496B04547eb027858BcE6dCC43C3e819601,0.0704225352112676
0xB9A8aC54b7D53BFed474F397bCbAEAE4c3562bC2,0.0704225352112676
0xbb1A80440658334E0596fF27d0C6b55c27140E2D,0.0704225352112676
0xBd1e2174710BbaE7d126138be5f60379B76A599C,0.0704225352112676
0xbE07366B58caD12Dfd5FC164EF1964d4d1dDE6b0,0.0704225352112676
0xbf13c15bfD7096b47E2E338D3310Bb06FAcB37aD,0.0704225352112676
0xbF69d7177bE3aE081326F4fB9B61Ea1497e2B488,0.0704225352112676
0xc3473b32D8721a2886D5151592BF2848A5CB00b5,0.0704225352112676
0xC4970E6DD90ddAF49AdD9E7dd4687f886E25213f,0.0704225352112676
0xC4eC1cf360805EB46573DEFc8D7Af83ca1d81C1d,0.0704225352112676
0xc6ebc6967bB203F136905df465dA9fEbB79C6b7C,0.0704225352112676
0xca25E01385828A25a26B2e4702Ed69ADcBD09a38,0.0704225352112676
0xca6CE56ABa651eCe6040c7E1B2137F2e760db3ff,0.0704225352112676
0xCAa934BDA7A807e5072983c217FB3905dB192d8F,0.0704225352112676
0xCAAC2E49723Ab31739C31398a183AfDd8d3A4054,0.0704225352112676
0xcE57CF76dB84ffD948FBf05b8f34782Fb140B746,0.0704225352112676
0xd0C1Cdd0349Cc1e1bAaE7f26D07f900D78e310bD,0.0704225352112676
0xD24EA93Cbf5b0f6682aAcC63E24Ca7c9e6797fAd,0.0704225352112676
0xd7510D1C4d349181207a34DED8bf9377d69B881B,0.0704225352112676
0xd799B2561061ab241a163D979Acb4389CDD26943,0.0704225352112676
0xD8952C2C3cb31b5845AE1C2E4E342Ab7a02AE101,0.0704225352112676
0xdf18Aa3FD0138FffB0Fd4e2a3904418aD36FD60f,0.0704225352112676
0xDF195B7269dCde67E8caaaD0A7Be905B2b9Ea97A,0.0704225352112676
0xDFEeE9a5C12B446B281bF5A22241D31C829bD5dB,0.0704225352112676
0xe1E293160d55254B26c273868122B39A51A9Eb9d,0.0704225352112676
0xE92250151f908d4383974E18484502B4e329CCc1,0.0704225352112676
0xe98c985FBFc0ec1aE407ddf2BC0974943De9035D,0.0704225352112676
0xEcBf33BAD088C1D1C067bdC5CEF065e41E9a44a9,0.0704225352112676
0xF14CCD2Cdc4C6E04eEAf9C98D2c5FE41569e6baF,0.0704225352112676
0xf547D62F5d78E9E4850059C741f9e8f67ffF590d,0.0704225352112676
0xF5Ef40d92D93146Dc04ACfb1ACAFaE1dE217140c,0.0704225352112676
0xF7e9032B075766226Ebb39dE35498A27212E94c2,0.0704225352112676
0xff3A86E82a0036Ca7c60fEa9116b2F87Fd144d8d,0.0704225352112676
0x02d062749aa89f0fF796002a712A3FD3E7092c42,0.0704225352112676
0x0F9312b5964EA11023619f873342625a12E520F1,0.0704225352112676
0x16c59F7CB24d0743D72cf8dB4C39DB9fd7984F91,0.0704225352112676
0x23082186b978A566FBB345067341edd8FB0137f8,0.0704225352112676
0x29ad59692cbf4e4e49E88873c8E51E5E510c3e8b,0.0704225352112676
0x30DB1f4ee23d6703aFbcFc56Ddb3207F894f931E,0.0704225352112676
0x3219179Bf1907dB724CEAff45b7D56535B4c9732,0.0704225352112676
0x329C2b0fef94881433BA7c714E3d2b620691549a,0.0704225352112676
0x35d9E38BFa4379762c299AafFD857EEC3f4D1029,0.0704225352112676
0x37e32ab69FE64D9EB4D4B28Fca661BAC38CD80ed,0.0704225352112676
0x392D239ca864EA36F086196DD09D930EE3FC03ee,0.0704225352112676
0x3B657fB7B181363119F25C0770431A600421aA16,0.0704225352112676
0x3FB680757EC9b7502A8487590cF730A47C42085F,0.0704225352112676
0x45Fc036DB87c01367730D4d71Be0fCa1A82933c9,0.0704225352112676
0x48600EFbb05c66b23AFbDF52Dc3dc0173CacD071,0.0704225352112676
0x4CE02CB80Df1f8B5A30349415E407711B1aAaC2B,0.0704225352112676
0x4Dd997A364611E00C308669a54e7288CF26e31D4,0.0704225352112676
0x4e51ed805d27aF16698fB3fc12Ae3680dD7dE38e,0.0704225352112676
0x5488481940f93b28b84965B8F65B4CfCce43d2D1,0.0704225352112676
0x54A99180BF31E8C2faF20cFC470F5F694FFd3FA6,0.0704225352112676
0x5d2963f842e932C7530a7ADB5dBBab5fBcD22E76,0.0704225352112676
0x5D9cD540bbFC3e70513A758B43A7A108EeA25374,0.0704225352112676
0x62d7387Cb60e4Ac691F88c0e2c20CFfA24056cE9,0.0704225352112676
0x65403c6C96F026A4d78cde0afA1A72585cbD2c35,0.0704225352112676
0x6E033f865a8FB9D2629d0df672D974CFa05eE11b,0.0704225352112676
0x771B60ca0b60eAaAF7958c3BcE7Ec3828b914d4c,0.0704225352112676
0x7C2B85eC3c1012AC3139D437C5CC7AE0f64F1769,0.0704225352112676
0x80a6c6848DfF59Dc333B2cb791B7856D303C0433,0.0704225352112676
0x8C9D93C374C3E24D56DE98115242be1159b2128d,0.0704225352112676
0x962Edbb675e71ABAf6165eE35234679c2Fe66dBb,0.0704225352112676
0x96A204e91E518CF5214A421dDE0be2a2502386DD,0.0704225352112676
0xA4220D7800b716A9fEdD6538DCAB5C6cB567d6C7,0.0704225352112676
0xa62A57B93b3EFDd6C048c14bE01c2387Fc869CDd,0.0704225352112676
0xAA1DBD98fBeD67A249286eCC17cDb63DB1a10806,0.0704225352112676
0xb249dDa05471119ECe4e525279263EcdB8833cb0,0.0704225352112676
0xb25358a0039885a4d74fD85F973247d7019a8906,0.0704225352112676
0xb4B627b4a7AAdB76eEF115DfF797398fF8Fe73b0,0.0704225352112676
0xbFe658f241E8fb6382dc1310881c7878Ae20714A,0.0704225352112676
0xc3ffEe308b0719cC045f748138354dFB75B419a4,0.0704225352112676
0xC94b6A73bf486c37Be60F3898E9A1A9Bde4416D5,0.0704225352112676
0xc9F4ca4462584a8668abd95fEa211D89B9236671,0.0704225352112676
0xd37615AeeA97F5355264e30A6a7554c303361499,0.0704225352112676
0xd9a99aA1DbFd6c4cd3C4932918bBfdfEd873FBad,0.0704225352112676
0xdaF6BCB007313586F183B74650d26D89E4F94824,0.0704225352112676
0xe105f99A252b815203d2D67eC848D6cBF0Dc2f56,0.0704225352112676
0xF12E764FA65A1C9571d49719de4b7E2B5519ee8C,0.0704225352112676
0xf47cD6aF843fD5aC0B342Fc296C26a00Dc173470,0.0704225352112676
0xf7d837455bCF993A135247B51785888e42960f89,0.0704225352112676
0xfac4F9b8ef6603897BBd451ECEe6102F529193bD,0.0704225352112676
0xfFcfcB6B8B818a73B41638Ae322DdB053F5754C4,0.0704225352112676
0xFfe811Eb4FfB39A7Ec6ac8D19EEF10333329Ee0A,0.0704225352112676
0x097AAf3d132424BB4362B2c6f3E376864c5a9D47,0.0704225352112676
0x0CF075041f0C2D25A6885cF0845282C31c289d9F,0.0704225352112676
0x13157882d23361234df2Cdf69db9C2EF3544d999,0.0704225352112676
0x201336ca937988C319274742528C00de3FFc10D8,0.0704225352112676
0x2058929A04840Eb1a1ed5367b7027F0dC9379920,0.0704225352112676
0x26e1f74e5B9E38BF9825C5a5952d7B49c24C6714,0.0704225352112676
0x2847f088bBD86DfbB4Df86c9B5AC7A7a858f4881,0.0704225352112676
0x2E975a53AE172A04676255a602DA36885C53A6f8,0.0704225352112676
0x2FCB74a7A5f5Ef4eF77466b15e789a318f9CBd0B,0.0704225352112676
0x31Ba3B30F55b4c4157fd0d52a707aE28A3315023,0.0704225352112676
0x3B2342Bfb31Ef769C5C1C7457565053749E6845C,0.0704225352112676
0x44A9935Ca995BE8ee65a6F6EB6C984227232fabb,0.0704225352112676
0x4843eEee9C10822e040d8119691dA909192680dc,0.0704225352112676
0x4A0A5161Eb56B8606f4E0Eae8EDA5b5174b82EbB,0.0704225352112676
0x4f28e484B5Da61B05D1be30dea0dbBc594155a9c,0.0704225352112676
0x52C58E22781009be2D1F91f8a22e0fcD7a902A58,0.0704225352112676
0x5db02Bf490A97CBF2723b4783b03f0b0F92131C7,0.0704225352112676
0x6446E6FF8564b700059D80F921BEc949235cFc38,0.0704225352112676
0x7ac1695F195568716a0155Ecd4715B1ae9494a1c,0.0704225352112676
0x7fE036d94345924552307c91989e4c2425996517,0.0704225352112676
0x80C4c5B34240cf685f645cB72170f98b739361d2,0.0704225352112676
0xA4223AA2A80f0849D86f7aBb5bC35877FC50Ad8E,0.0704225352112676
0xa510964ec861908AD2e261d3F3b669C62EA5c64b,0.0704225352112676
0xa528fD92D46b2D8152722C3B123af9115e1ee4BF,0.0704225352112676
0xd381932EF72fcA51a6a23ffdd3B5e344F63E2B89,0.0704225352112676
0xD3BcF6286F023e5E6595812D9E1d2409CAF04091,0.0704225352112676
0xD55916127553d2c6dedf12C7C353DCDd9C5bca9E,0.0704225352112676
0xE31959882E951c2895c0fD0f1d28215CA917AA8A,0.0704225352112676
0xEec03542fC23cf5A2d3919B218EDD34BeaE6EC77,0.0704225352112676
0x04ABEF148b746019a8387EFDB835FB6D8E96834f,0.0704225352112676
0x05F11adF63c2cA2F32207CCF47a734287d4262Af,0.0704225352112676
0x08Ec41FDcb5F9cD49a2a9d76bBEEf952A5d5739d,0.0704225352112676
0x091C9BCc9F48e11453FFa0E8E91087C71B4F8a1e,0.0704225352112676
0x095ed31598f043E1bF4f74004f3a5BcEae8a8769,0.0704225352112676
0x11d1530ef3F57cFa9526Eec182fA82831DD0BB0B,0.0704225352112676
0x1c825171EFfb8dC555e0a5b1f71EAB5fbFAfd12D,0.0704225352112676
0x21F74BB7Dde14B2D5da36dF2D57aAA891E3a0039,0.0704225352112676
0x283409E6F9e46e5C5dDbB6e3E8648e924f8c5847,0.0704225352112676
0x32b2F1e9DB51Efdff8110fD62b6316B815E721d7,0.0704225352112676
0x3441c4aE7cD4FDEfB0F6A2A4edDf423631CF6fA3,0.0704225352112676
0x37FF1878C8Eb556F483eFfAa96D833e5fbB0fE78,0.0704225352112676
0x3a4495F6F18f1161cD0a0F47dfDBE6bB435DcECa,0.0704225352112676
0x3f07DbDc7B5bEAd7eC32720C27B30B50858cCCa2,0.0704225352112676
0x3ff7eBBd66bF8843f1aB3bb70Bd094dB2C174069,0.0704225352112676
0x4756ACb440cF6D327e4C046388A9433BC46342eD,0.0704225352112676
0x4ab40ba97eFBF1853B63E0a5bDadb9c65b96E398,0.0704225352112676
0x61A95082f763AD1C6D2891B66ff00De384918B15,0.0704225352112676
0x62cf0662bF43d8e3aAFeaf7DbE59FE9c401BC9D0,0.0704225352112676
0x64bE686e1fEd26d413aDae7b2EC39a0F8B43099e,0.0704225352112676
0x6F065A2d39Cce4a043eD2A80262c91ed89Dfdb31,0.0704225352112676
0x6F3eE142df5EDB662617687f63Ba6Db5ddfc422B,0.0704225352112676
0x71b5705C26061C24e75ae0B41056Bc222fcE555D,0.0704225352112676
0x72e3534830fd89e660eb9Bf72D97C587D5b6Ad9e,0.0704225352112676
0x754Ab060DB183520Ee9732BD8Bad0fF3d6Bd50Ec,0.0704225352112676
0x79bB7f4Fd1456AC37EBd69eB6585662dC927c830,0.0704225352112676
0x7a425Ba01da6Ff46F30D50CAA44EE315b499fc00,0.0704225352112676
0x829D98f283fB7571b144330fd64a3c925E73403A,0.0704225352112676
0x837580aA2f28974f8801D3038abb3D63E54C4043,0.0704225352112676
0x8B6713341A9E084Cc8B1eA660C5e49fDaC542603,0.0704225352112676
0x8BF8D9Ed4aB7b214176E104B83EA204cf76Ec761,0.0704225352112676
0x8F81Ac84f240b215E2e9A67b6d520612C282B844,0.0704225352112676
0x90bA9D229ca0b22a32b6B1903F8E1adAA2A6578E,0.0704225352112676
0x940932A7D8277D76D8ae0c4cc54BBafD93B2C4f7,0.0704225352112676
0x96695DEfbf363B65456e7C30d8Fa1CbD742A3352,0.0704225352112676
0x99BE13881A5a0a46D51750C9425C621c31EA48Bc,0.0704225352112676
0xA5b7a3041696c1cFA9DaB93943FF4256Ff84D166,0.0704225352112676
0xAa7F6a46c6888B462737e5E8b71033c7914c3764,0.0704225352112676
0xaFDa278ed9D976C4B77B97b75F1F9CAadEC663A7,0.0704225352112676
0xB51528B6769604F418710Ba34298106d43789c88,0.0704225352112676
0xB6688A115bD1f44e39eb191Bf8D44B5B9f011B9D,0.0704225352112676
0xB86760B360CF0C4Ca642F9E980FF26263387c09e,0.0704225352112676
0xC419eC29DAcA416514668DE21E9c4E9434119dE3,0.0704225352112676
0xC7D54cf1EE8E40f3F756b8EA5171CD320736A9dC,0.0704225352112676
0xC8Fc12a601EDaC2F603250Fa01936886C3346eaB,0.0704225352112676
0xd5E30668e3ABc8cA5F677D7A25AA6D448f7eA9e0,0.0704225352112676
0xDD88ecCC71f101f8ADF88408F78C57d51d8c2aeC,0.0704225352112676
0xe9488a52B1488f95f26c0911ec2104b95fe9B715,0.0704225352112676
0xeA29087138EFeB08b52aCF327bc3ee54996865F2,0.0704225352112676
0xeb56bE327bd7508E20BBfBcd2cdBcDB5ecb3eE35,0.0704225352112676
0xF48ca98ffd9693C6F115cBa7683CCD211E0Bd84e,0.0704225352112676
0xFb48adc4762094A6CF6D03AFe953afA5f601FB4E,0.0704225352112676
0xFF6166a435430091F386184326a84EE25F000520,0.0704225352112676
0x034e2C0b704D19C9809B2F2442f09Ac7bc4AC649,0.051150895140665
0x0B95f218d9032eBcb9ea928c7621e2EC7d19E390,0.051150895140665
0x10C5f89CB714D908e4cc3db31c4D551d6ee15061,0.051150895140665
0x10C61F0264368f4962b08bD9f75105a74EBaD564,0.051150895140665
0x19f928a2BA7Fe4745F05dCd3f2e89BC2584F931e,0.051150895140665
0x1DbBFF3F4D3cb1357Aa518eDEfC80Aa265b51dFE,0.051150895140665
0x1FF88937C38530D46344b4810757d9312D590B90,0.051150895140665
0x2113163b4a89698fB8DAa252B3c7726383A7Eafc,0.051150895140665
0x225c1AF2db72B43fa150C70714FCBda20AF84748,0.051150895140665
0x22E18F79e1Ec3be9Ac8c265ec5D8DAE61d6fB116,0.051150895140665
0x23dB0c8C08B68dAd4f7F2a7e52914a29618CB91c,0.051150895140665
0x2500c55e28D2f7AC738F8f585C02677e9309D306,0.051150895140665
0x29304600e1a16B6ab2868080950dbCf86582dD87,0.051150895140665
0x2DE544983c526A323530984E5edB857FAF54BFC7,0.051150895140665
0x2E9425e17bf59Dc89A6c44Cf6542A44E83dc647D,0.051150895140665
0x3622fC18e57d4ADea145A4d411FA94c0135435F0,0.051150895140665
0x37D6eea63Aad652f4b786548C2c5E476BE6eed3f,0.051150895140665
0x38bC3c8540232671E2fE396476eE329D5f44710e,0.051150895140665
0x39c4C1a2c5fe65ef904794b759C2355833Fe4Bc7,0.051150895140665
0x3AfAEe54eCD6E6A6E2abfa1e35F0FD68ffA46872,0.051150895140665
0x3C88257B5532bf20E46181cE829bab2767B0C0db,0.051150895140665
0x3E0c53B8e22b115429f2c2EC85EBbd1299EcEC14,0.051150895140665
0x44B9e78833Ddb7E22bfd28E1E3648B8CCCDdaB20,0.051150895140665
0x49b62143Eb9cF17B74cB0bCe57115b565C5eE48F,0.051150895140665
0x4AadcF6d30f1aC976415CC33941983f8da77cCE1,0.051150895140665
0x4d02aF17A29cdA77416A1F60Eae9092BB6d9c026,0.051150895140665
0x4E756A9A4b653C8CDd878fD31711b6a0088e392A,0.051150895140665
0x57ad3a496c30bBaC6A2373FcD638b7633713e4CA,0.051150895140665
0x5c720C770a8d94ad203617447B6367c30ea0Dfc8,0.051150895140665
0x5c74d0E217c223cd7e89bFE51433f1bFB82Cb335,0.051150895140665
0x5e1d5A0494c77FE8940dA0670247F71E3e1Dfc3f,0.051150895140665
0x60cf5C03D51D7Fca10132bAA08837E1a9cFC0eBf,0.051150895140665
0x6a74dA3Bf66057EC98CfF6BF335245A0A9F03A27,0.051150895140665
0x6A8326EAcba9Bd055cBea1d75793D89f7267a05e,0.051150895140665
0x6a979a9307b99FdB4fd53072165e4b7FE7530c27,0.051150895140665
0x6B02187FBBE1fe14846765397967e65e7ac2E608,0.051150895140665
0x6d3cb570eEcc578f442d574C6D2240188Cbc8736,0.051150895140665
0x6f892A7dC87577C4EB86FA3381d95757bf0B0C27,0.051150895140665
0x71fD6e75a5992d32A7a106B7cB0b0F575393310B,0.051150895140665
0x732A912a21da1feF5F08923fFACE2136304Ca36d,0.051150895140665
0x742b3d9e6A10B388654d7226f66BE67295A7E399,0.051150895140665
0x75d67f6bE5305efBF453069BD0D870E9E76B3975,0.051150895140665
0x76488DC6Fd0D68E9BB8bD776a8906DDd0E1df287,0.051150895140665
0x7C75Edcdc695E2B4F9F3Ba03f5C5a048d134c7Ae,0.051150895140665
0x7df438d23Cf1Af1ABD4f0303D7fFeF8B6dcC805e,0.051150895140665
0x7E9aE4d1509af1B040DC1e684142aCe0f80b539D,0.051150895140665
0x864EFa5098880BF1f8c4272Aa784b5d9D15f0917,0.051150895140665
0x8A50dEB4AA603BdbDeA9c99e204518cA23b71D2a,0.051150895140665
0x8B04e5749f142a5AE375B1f5925d1268F0eb6642,0.051150895140665
0x8eF80ff5842E077000F41FDfD1C3486c22813DF2,0.051150895140665
0x920742EBB272CdD6399E0890F14F3E8a54260121,0.051150895140665
0x92778b744C7AB65b3CCBc4fadBa7c37B324bd091,0.051150895140665
0x9AAA052Aa2378bce622b28FdDcF89CdbEfC4e50F,0.051150895140665
0x9D21271Eedb24d7bc23731a6482dd79a6ebe3F8F,0.051150895140665
0x9D911eD974FE8e28233A8e39e199b016b47625fe,0.051150895140665
0xa716c2ef62B60cF82B8119947030ea7E26A39908,0.051150895140665
0xA75caC7b3aeC9110B4267D3f34A3B90457F48bA6,0.051150895140665
0xA922dE55e7FEfc52d1674Ff5d0d3Cdb52c766F82,0.051150895140665
0xAB0CB39f1459b71fb92A52a65c30B215390d3A2E,0.051150895140665
0xb3421655dcB3512b7c8Bb4aBbbF2c36765E649CC,0.051150895140665
0xc1182e0c66D00130930f378426cfB385db99249B,0.051150895140665
0xc16531E9206Ba250B6c6Ba0C052066CA8519C57b,0.051150895140665
0xC48fe631F06AAD34F712cE931435b9ac6f3AEAB4,0.051150895140665
0xC5B8B559c3A55A7d0b5301D2173C3B06eBD21699,0.051150895140665
0xC975811d6E475F81367Be0362Da94F9f47D90A90,0.051150895140665
0xCe97c957678CDd393B472F82178512e05A72D09f,0.051150895140665
0xD17Fd6EA12eDe5150F78347042343c8639607A30,0.051150895140665
0xD6aEA0120d585E8B4e71C3615B5F34094cA2e6C7,0.051150895140665
0xD8b4adb63BE58E7763470A504824607223F2aB2C,0.051150895140665
0xdecaa1d0Eaa8C405766267736FceC49e05825048,0.051150895140665
0xE48Ad1eFa94c44afF567BCBf89A32A3E48399A6F,0.051150895140665
0xe4D6Ec077F58e97083B09e543DABbe5A6218cA33,0.051150895140665
0xe652766F8E20Cfc9677C8dDD090007696930585a,0.051150895140665
0xeA142e8E85f8B94D219FA2Ce8c2F2659c8a02cE8,0.051150895140665
0xf3EAB2365c8689D7d429e9Cf03C78b29F07907b1,0.051150895140665
0xFB9b3F93973DA37723B623B6ebD72dc1c7C8897E,0.051150895140665
0xFbA0F3a688c967632ffaB6DC9f5DEEd5Ba31fE58,0.051150895140665
0xfe2f22e49b7f0BF557e58FaB90721E983Eb3f9ad,0.051150895140665
0x00b5a0f715676F6ae020e743392655f189814F40,0.051150895140665
0x00D7398236acb046Ddc5606b7545Da6d3053237d,0.051150895140665
0x029d7246D9E637a7381b44B26f17ab5C34E4980E,0.051150895140665
0x05e0C33835780B3f58011C00483FDF574E537875,0.051150895140665
0x060aBe85A2e57913E6fE287010Eb854fC4b373cE,0.051150895140665
0x064Bc320CB30aa2C63D7b99C95b37Fe5c7ACAa61,0.051150895140665
0x07Cf6a6A275E6A29EA1ABb9807d1e77d7c8BeC5f,0.051150895140665
0x07ed875f08b3d151adE634cd8bf13152857f5283,0.051150895140665
0x0b6883657FBbceDF14d5afd0Ce7FB4F1F8b53cCA,0.051150895140665
0x0C6AB06C237C8c897e9cEFd7c28e0793e32EE0FF,0.051150895140665
0x0DFFFB3a7A2A65447e6Fc8BdF9A8E60EaCe1D192,0.051150895140665
0x0e168Cb6aDE4281D02B134c4b14BBCD0FA917d9E,0.051150895140665
0x0FB73cDd96Fef351BdC58c609002CeC26bD27E61,0.051150895140665
0x10cF67D12b12d6e0bc1FE1AE9A8726b1146fCCF9,0.051150895140665
0x1493fdaB7bECAb4d7a8729F50FdCFE71b98a0Ed5,0.051150895140665
0x14Ce83a7c09DE99d68bADf68aC664c69505F5763,0.051150895140665
0x14E36024Fd69A6af3C1DfdA00e0590a4CA0a6dC2,0.051150895140665
0x14F7F67428395c088340AC3f58196Ff663199dd0,0.051150895140665
0x14fc5704d086f52f02A4A1455c76F5d5a3c7ce42,0.051150895140665
0x18AA7fba91570533b01678200c87e47C519fDA17,0.051150895140665
0x18df4b145F074d63EFa24DBD61dd00da2Cdb3697,0.051150895140665
0x1992C6A2eC3023F1e39F4Ae52B46433929393dc8,0.051150895140665
0x1ce417b80283efDFfd9d6156a830aA4312118CfB,0.051150895140665
0x1E61e52F48867B9bCaBbAF57B88B099bfeAad06f,0.051150895140665
0x1f0B86f4e27798b56fcce50BDaA12f8AC21697F5,0.051150895140665
0x21dCA0CE440d3dAf219090458763E407cB3d1dEf,0.051150895140665
0x228E3959467Eda82b1008C97b395cE23850C1b43,0.051150895140665
0x22920DC4623521aFf996c663Db0Ad5ddDe5e2767,0.051150895140665
0x234b13190cB0028f57BE3b4EBceF089B1a6Ae0eb,0.051150895140665
0x248F8C780348f93b3043Ec26C590c8587B760197,0.051150895140665
0x27809FC3BdA1620aC2FC5dc4eC16499E6a3Ee062,0.051150895140665
0x29D99313418d7593Aa1c6e0fCdC81790a994cAc5,0.051150895140665
0x2AaeC1cB5C64011ac58D4C199Ca38E332E2548A2,0.051150895140665
0x2B1c729E79E76476970f0aFf8Bc9B4258A513f72,0.051150895140665
0x2C2eA7651Fd8060122517CCFf19905c27EcB3865,0.051150895140665
0x2DCeE554314d55CD93e7A9CDB22D07c0a51b4288,0.051150895140665
0x2fd9f6C3bB81a91D961867cd699EbC82b7451c6A,0.051150895140665
0x3094Ea2500822117A3518CF76518c4f2Ec1f01cA,0.051150895140665
0x30dc326C44a2e64fbE5a86FBC756d3f51A79f43C,0.051150895140665
0x312a70Da2710E09cB9fcbB03C0748d0e5Bf08571,0.051150895140665
0x313F493C1ca985ce38DB74b57eE7D5C300529C4E,0.051150895140665
0x325EcD11F7273ac61f86C80a7783673Ee8fadfa0,0.051150895140665
0x3482D2C4eDD8c2034a52AE5bb3A16317910b8cd7,0.051150895140665
0x355E5Ab1780Ba3D88EF8FeeD0B29Cb0D825a49A4,0.051150895140665
0x36A05945124F45A8EDe8c18D3FE1b5124825baF5,0.051150895140665
0x3a75F02A4E1F23a18f3556DC40B692Ce6E359639,0.051150895140665
0x3Af99B245330E231Ce32C2B22B4aD45bc27e18cb,0.051150895140665
0x3D3D8caDA4Ae176801222fb6693520a5329FA9d1,0.051150895140665
0x3f3A1aa0585010b73335790992C50CE7c44dD1a4,0.051150895140665
0x430905C572d2f748BCB9318232962A124a6E352C,0.051150895140665
0x47bEc03766A5CD851448434f09BEa2Adf742fc91,0.051150895140665
0x495200E805165747F8eb49F0aa47C4ae3257887A,0.051150895140665
0x4C4A8f8C8b5161ac533c3deD770093ba4FC8100C,0.051150895140665
0x4D90AeaFFd8C7dba05FEBe47c8D4C6A404a9804E,0.051150895140665
0x50f7327894FE847593d46680152B975F1a3Ab405,0.051150895140665
0x5AdACC8BBe97695f13294fe1C677501C873F8Cdf,0.051150895140665
0x5D840528D5C677a2E3aCf3368fe11bc4f2817342,0.051150895140665
0x5E2497545866445562Be10Bfe559eF7140BcE884,0.051150895140665
0x5F91a14a1F7Bc81ea686DF188F60271f268AA449,0.051150895140665
0x66DB0371b60c75422B2cdbBdf09c638Af2254D6e,0.051150895140665
0x67BefcC38116f7eB5dAbec86D79Ce05E4D85481f,0.051150895140665
0x69906DA099FAd2fC1129Cc034119D474d5a43A14,0.051150895140665
0x6a75Eb0a86CebEbC72395f1B011D9Ffa09f0686c,0.051150895140665
0x6ae9A2E6B056979b08c98e6fdd438e9D99FbB0C4,0.051150895140665
0x6af7C2679c275780495d87264Da06f064d74e05C,0.051150895140665
0x6BbBFed5e2E3D5c5f2f6E5140739f085649d3801,0.051150895140665
0x6D1dC252FAd41ecB8c1FF1294C7a921193a72e1d,0.051150895140665
0x6fEC8aAB27b45D1d12356628BdCD4c067249EB2d,0.051150895140665
0x7256167e5778445D9cc4DDc12BC63bd677F7093c,0.051150895140665
0x725BbB48958E4ec55fE059C623402Bf4245eC239,0.051150895140665
0x72B293417C86d21493f9a7B487eAC2145fC08286,0.051150895140665
0x74E53449955b5914CC24b03c87F63993Ba6A41DB,0.051150895140665
0x77555fE71B5C55CBAdCC1BFD382d112B223DdD32,0.051150895140665
0x7B6E2865459EabC24BB3AaDF7119607a64682E97,0.051150895140665
0x818549Bd829b8F9Aa13Dc0dE9d3242Ee631a5438,0.051150895140665
0x819a1b716A6e3fb215F4A812e2E33461119c71c2,0.051150895140665
0x81bCe32046334de332632741036dD178C0fA642A,0.051150895140665
0x86713e7B3Dc36F52B993AA0557305F92E0f9a5B5,0.051150895140665
0x8697d79d5dfB00f2628DC388aeFFB8103B6c8548,0.051150895140665
0x869805584DDd482A88Eca0397370AD93b4B96223,0.051150895140665
0x87d834736e186C520b64c58b0Eb5d8d6805ba80D,0.051150895140665
0x88ECCe518E8bf8bdC903177c52fe5fC2CF04b51c,0.051150895140665
0x8B34924f064E98860a21635c386c3AF66188fE4e,0.051150895140665
0x8c88D2925D9A1aE0410Bd50C972Da31fdc2367eA,0.051150895140665
0x8C903AD22dA8cb98C9d0b26449482E6c3a9f3a2c,0.051150895140665
0x8ea75eFe1Ba6aA0059bde47F7cE1d1f7FCF9d8B7,0.051150895140665
0x8f618E478E557efD7C5B752c5ecC521D49236f25,0.051150895140665
0x920Ee08483Ab444F264b0A312A64Af209FC2b5DE,0.051150895140665
0x92dFfe9Cd278Eceac1e78DfB461c7Cd48f8C03ac,0.051150895140665
0x96735Cb0E78947Ed2B0Eb9a408471CEd9412a9b3,0.051150895140665
0x96E9912F00C3e762b76c4088687248a320A99F06,0.051150895140665
0xa21FC55408a782D25aEE695ACc7B6642b381B8D3,0.051150895140665
0xa72F88499706dbd244cBd282b851648E2406e96e,0.051150895140665
0xA788Ce4912571ec236e8caC0EA65D86Dc471AF63,0.051150895140665
0xAA312EB19552F924dfC47bFefE47F35A902fC595,0.051150895140665
0xaAD7FF23B9C1353f28EAcbbD5A38dF3924f5BfD1,0.051150895140665
0xaDc33cce5bE8Ce812c5cf183C024A00b5357E901,0.051150895140665
0xB0fff011F99b2b74EB96aaDd33A319CDEF757988,0.051150895140665
0xB100d3e70F05a0889774FC3465B2ADb621b8FD17,0.051150895140665
0xB20A83B2aA1B4daA99856737dc832Fdb2B738014,0.051150895140665
0xb6b68Ea950106d8D96EDFB3388B0d6D951510B52,0.051150895140665
0xc141EA3B4AC71d6110D034229C7C885FC73b1918,0.051150895140665
0xc3D95D9a3Be50DbEF7fE71EcA68eB7674ebf3aA8,0.051150895140665
0xC508ED5Cd06ccf2AeBa79AC832e25e52300f1c36,0.051150895140665
0xC523947E92323BBE0fc6726aC5aC32DB461E3641,0.051150895140665
0xc8f20b76E532a534d4849BDb8a27b96d7ADA41cE,0.051150895140665
0xCAe98460E0bCaa4C97bdE25ce6ed50D06AdC4408,0.051150895140665
0xCB187A27512561B3c34AFD0B8a877D9C889a66C8,0.051150895140665
0xCEF915Ec8e04f602D25cD6e30050d66ee8aC0d09,0.051150895140665
0xd832861C2743a9140D204f1864Cf6A8c19001842,0.051150895140665
0xd93944EAfECa8Ba4F6DFB517aE23daD1B40e83B0,0.051150895140665
0xDabedBfe4B6f6fc6F238fEb4d2e42fFE6069506A,0.051150895140665
0xddC87AEe4532a92Ac72fbEd8fcdedbdA86995167,0.051150895140665
0xe1Df60032EC9553E16913597a0f600B9571c2cBb,0.051150895140665
0xe342180618500E67bE85936c738315bF77F0E989,0.051150895140665
0xe645356B117c9FdEA04530a5cdFB8C44bf12c0a8,0.051150895140665
0xe9fF2794cc010E827A077fF1108fCd9f1a71209a,0.051150895140665
0xedB9B0DB26C20D32F4dd08D74fEecA1e259c32f3,0.051150895140665
0xef04041C9E7cba5DA094AEAF41Bb67a5a86B7ecd,0.051150895140665
0xF4DCD710b890a478ea80249e62D0a69eE3D129b3,0.051150895140665
0xF5600458914230a3cc2be96a50D1f11acD3aC01c,0.051150895140665
0xf66C4292dA8a187fB08eC0Fc02E76e3D4bf5127C,0.051150895140665
0xf7Aa9B348cfEab9514d82609730cAC5D816904DB,0.051150895140665
0xf972Db48b0F60A40452561d8309bFf93093c7ee2,0.051150895140665
0xFAEa8613301517EdF3A9fEd705BE67cAbdEc31F5,0.051150895140665
0xFbA3eDF63883A5fFE40A39a39aE152046b22185B,0.051150895140665
0x002cFE0602D4F886aee036c9C43627A9b4498B51,0.051150895140665
0x020eF66d816823f3a9Aa89fE66A067F4CA323688,0.051150895140665
0x03CE2355aA3dc314cAd07035B8ddbFA041b9F7Fa,0.051150895140665
0x046F6f64188e248624E565C494b2c974dc6b3377,0.051150895140665
0x04780AF73017b4a6f6AC11A3e56894b0815392bA,0.051150895140665
0x04b6eA5a19b8945eDdC4A141408ec34C2A55a34e,0.051150895140665
0x04D0EbBc816268F977d49DadbEceDea102E03573,0.051150895140665
0x07145F1a877827214Cc871b1C4bd71A5F8F98d07,0.051150895140665
0x077FE8372bDC21ECa8Ff007c0f58892F02132c77,0.051150895140665
0x0B60abE5886Bda278862b4Cc03a80f502246F793,0.051150895140665
0x0C7FedAB20Aa9B8444e498f1Ae921b0F7Cb106D1,0.051150895140665
0x0ED5B6BDf9f45755a73d68F119687dE3981C1aB4,0.051150895140665
0x0F9f624E31618Db861FAB3E03C5c0Ab994956Ab4,0.051150895140665
0x0fEd91A2e5304DdC6201fEFD756335195E97410c,0.051150895140665
0x1017378C6241e8D83bd9Be29644f7085b69DD0F3,0.051150895140665
0x10937D22CE4ABfF9577d1f4Bc550a45D7fc077F1,0.051150895140665
0x1198021A93E29a70439b88463346cbeb6FA4E000,0.051150895140665
0x11d9fcd290fC7431ADd0e79836c55B95D763cE5A,0.051150895140665
0x1278e07485d357E078E2752da7DaF35eD408cE1a,0.051150895140665
0x12D0ced4220F5AcD0B0749bDa0747A2051fBB280,0.051150895140665
0x13c300BBB60C1f72C2e6DeD185b0Bc329a9347Ed,0.051150895140665
0x14DaFCa14E576b22d057244108D414d761551Ac3,0.051150895140665
0x16103DBa5BaC05b6598E58E61378CDe54bb51a8C,0.051150895140665
0x1636340C1e1464E4b90DaB80B3F66c5208e1Df05,0.051150895140665
0x168F5C8e2bb5C2CE4a60a1bB31bb947a0b10D008,0.051150895140665
0x171e80695A27Ef11BD2557475cE54E517E1846F0,0.051150895140665
0x1978843EcFe37aA75FE184dBB4B22103e0D40555,0.051150895140665
0x1b4676691061464bb9dd95599737910974525511,0.051150895140665
0x1BEC386A6E6c014dCB669aF2Bbe8fCd39946Bb35,0.051150895140665
0x2079e0bD4746e8f681Cb461F85158D3292D5c9fC,0.051150895140665
0x21b03B7ADdaBd733f81048a847e052334C6817fd,0.051150895140665
0x26aA374E305882A646AD36677F352084BC0147D3,0.051150895140665
0x2713A7A37454B182e0f2a1DfAD4deD9eedEeFD3B,0.051150895140665
0x288a5854688C1eE5fBb2959afBb6F07fF29C6b7f,0.051150895140665
0x2984290221d3C247fDCfb8Fa6067DfA555E34194,0.051150895140665
0x2D04675F5Eb90656a571c5E80D1Eb699E3481EEa,0.051150895140665
0x2d69Eb862259A6951f2A85e92ba0ddEB8e9D75ef,0.051150895140665
0x2db11982F4Be020503c8C37C29E41155b199B9e5,0.051150895140665
0x2e4a07382dcA9f19A9Bd94B3839CBC8603EED7F3,0.051150895140665
0x30959Bb371904c9483DCd754235BB673eC3D3259,0.051150895140665
0x33d08b4Ee806993d806073C04def6f3929A0BFce,0.051150895140665
0x35f01CF4A60b8cfD699dFe44b645105C99645864,0.051150895140665
0x36696f1e4e23819F6b628B2366b2b0da21C99f2f,0.051150895140665
0x39786c76037037FA6AD759780E501B65Fc8b5b66,0.051150895140665
0x3Bca2fB054d1fD6DAC9d22f1c7188152aEC0FDd8,0.051150895140665
0x3C2698206cB66c39e052CB639Fb1496dfAa48CBa,0.051150895140665
0x3f91463400578b296bB1201d1Df9deA2B530FA84,0.051150895140665
0x3FFE64Ca6e8AE9b1ea9F3E742447132d6b72131d,0.051150895140665
0x40A0B9dA1B73a0283A7879f6836BeC9E7E194b57,0.051150895140665
0x41b8367519Fb1CD2d2279E15A4A0F1941068A5eF,0.051150895140665
0x446729a33BaBFAfFb61c54A180FC6e08Be7e03D9,0.051150895140665
0x44c3B172921C368Eb1EAE3b21EA54708b0C344a0,0.051150895140665
0x453431a4feec5852A682D74B4619B0D3E4219999,0.051150895140665
0x458fDDA54c4FC66fED71C8B9bc5E9bF7f3b948Fb,0.051150895140665
0x4627ae85c8c499e9F1771A8489a944A962891D39,0.051150895140665
0x466Fd2307e2CB1820Bcff3902951599729BD4586,0.051150895140665
0x47fEb547a5ce00E2c9cbB89D97BBAC9cC9b5942c,0.051150895140665
0x490E0EFd0F0545fabAA6200B5b2242B075042fc0,0.051150895140665
0x493Bc173FC593D778248f95137578Cb09892587E,0.051150895140665
0x494B5eD59640CD497a458B9f42dF2048e892cC4a,0.051150895140665
0x4aaD64CC348436C8a9de5cd8D25d3bA34BF0D9AD,0.051150895140665
0x4ABeE95dabDef2d8C09184Af2a76dd06201c2B03,0.051150895140665
0x4B35856B435cb7e47827C0Cc1E974A2bd6F7BF3B,0.051150895140665
0x4F17387C4AbFfdb1c97879D4f451C0751c1C3b5b,0.051150895140665
0x4faA078bB4634C38ea8e523534C7d87446b6b578,0.051150895140665
0x501b0624C32EcE74b7854101905Eb102bF7c227D,0.051150895140665
0x504A573c0C7F32147dF28B95F32c04E7Eb9b210C,0.051150895140665
0x53857569d57Bca112ab4792519989A2AEB59ec81,0.051150895140665
0x557760d6d14d7Aa7e5FB06f240B72848a9C3f807,0.051150895140665
0x557cEE07243d4E188535C857F20324BaaE270E3e,0.051150895140665
0x5a8E64393Af95D61783ef38cEFA30Bb3E8515718,0.051150895140665
0x5Aad24715d0CD0A6eF5e26430cd30F4EfbA8b4A1,0.051150895140665
0x5c5DCC5dfAF08cFA28A742dC9dEEB4C2eFce1C36,0.051150895140665
0x5d7cf46761DF75a290D083Ab40A3349005503d6a,0.051150895140665
0x5Ea5Ecb93599caAc6b5b57b2Ce776E234794E79a,0.051150895140665
0x5eA7d81b947a34D1C0A64D4bB0C39850B666BC7f,0.051150895140665
0x5ffcf42e97C07b2B418B42365752CD949ee2e2B7,0.051150895140665
0x6033Cd095a55Cb80d115A7618410DddeD78c9c78,0.051150895140665
0x612ad9E04dFbe9Bc9fc68868f81C910678dA1A14,0.051150895140665
0x6244D798847F4859816a85723D920b573e615E88,0.051150895140665
0x65054db37C2F91D1deCE0383a8774FfD7CA50684,0.051150895140665
0x6A6adDFAe67ce447670BC93FFdaAD639b628D15D,0.051150895140665
0x6aC69296DE99236dA854603CB3EbFB84c28AF55c,0.051150895140665
0x6AD8a643E511334ac20011727eE6070b84F4E847,0.051150895140665
0x6bfc8c34Fc3A79D3e8fBBbA8b59b0BAe84Eb521F,0.051150895140665
0x6DF562735D822D63ba5D9F23454aE33E45c6bcAD,0.051150895140665
0x6eFb8976B4FEf89e833aC4517cd957B6C49D34d0,0.051150895140665
0x723F02e32a3122327197D661fF57F45C3C97FbE3,0.051150895140665
0x73b3F8d30E07633cb09B237E684C6e2A739E32A1,0.051150895140665
0x75acfDb7085C5Ea7e8F94316e28e206662f39203,0.051150895140665
0x7649E1957Dd8163DA6a6118d0e59e625aEc656D9,0.051150895140665
0x775abe1b1afEbbe1612159fdD24cEB3Ed8c892e8,0.051150895140665
0x79CD87D8465f5a2Cd6b767B06B81eee896Ff3B9A,0.051150895140665
0x79F095C916aBF6861333939B44453D1f4DB4134c,0.051150895140665
0x7a835c5aCaA429ab99D8C3F88CAF9959e75F7aB6,0.051150895140665
0x7Ae1B597B2666cdc6a4f1384a15552bBD3997227,0.051150895140665
0x7B410622171F4501542D4C6d2Db060C57F84f365,0.051150895140665
0x7b7BD3f1A4935E69fA6db2fF3775d789b6Ff2110,0.051150895140665
0x7C287018474deA02b3040f03dca9674136B84e06,0.051150895140665
0x807943406Fb13fbCa85209dD0E8Fb9B578043695,0.051150895140665
0x8255a4600816fAA06c68d225753edC04680F71Bf,0.051150895140665
0x82AC2b01B945E7EBcaf51C7f08610E4bbA75adB8,0.051150895140665
0x82f61a9826F88435d92bC045A08CE49B88C1CbDa,0.051150895140665
0x836558f6f7ffe3fC583360fd85AC384d34B3aa15,0.051150895140665
0x874eAFdfe998508D79e47CA5D321De11CD438372,0.051150895140665
0x8789c22eEF67EfDD5D4760A58a8E90D86313F81d,0.051150895140665
0x87f1e7Aa481225F99939D922C6c83572F5c5D693,0.051150895140665
0x88F74515CB136609eAa538F71C0e7DaDD537D594,0.051150895140665
0x8b5637988f61B87BC5c547807724393f40fF5e18,0.051150895140665
0x8Bf0fd06ee980D731760954666810489ecBdb8e7,0.051150895140665
0x8D00452Af78D045a9A96ADb8F03A7CC2097BCbA4,0.051150895140665
0x8ee6B8e3595123403F91196D5cfED64AE5305f24,0.051150895140665
0x8fAc1d9F28B8a79Bdb4E57e7904f38c7313f9979,0.051150895140665
0x9059C3b208F2f57acB08CE86F5d5a15C2c6317e7,0.051150895140665
0x91421bf6EDa19E5b5662484A7c004A8428722144,0.051150895140665
0x919A957A54d0688690722bfD3AD4E71b030FD6FB,0.051150895140665
0x92954C71e5713644768eC1fa50e7254600DCf504,0.051150895140665
0x92AC2A779A636D48047A3A081496A0d6780c1134,0.051150895140665
0x92Ae9D9EdC79aCFDbc182f6722B5499B079113Df,0.051150895140665
0x953E868C7f95Cfe09B2Ddf015CeDF0da8952C88a,0.051150895140665
0x959eBe8861481e0BC21B37444bEf96167BAd5834,0.051150895140665
0x95B30124aEeF1293302E6dC6cFd28895070B3934,0.051150895140665
0x9676088C985789A530B0d4e35b612E2881CfA2C0,0.051150895140665
0x9701a5439343C3fadD53935E7732935f63960574,0.051150895140665
0x97a5641Aba608C1BE8f6E6f98B8e6DfDFd59d492,0.051150895140665
0x97a610830c98cFdCB961C1A7baE4775CBf449E43,0.051150895140665
0x97c1C801e2e846C3eF2535d9B48C4D6EfAFDA62d,0.051150895140665
0x980D12E0d30A09C5Ed3B7F0cC556940bBdE8A86D,0.051150895140665
0x9A6A3512Bb13f57F89165CA64b3a71eE3Aa4c72e,0.051150895140665
0x9B5697a4c360a3F5F5CfC22a4b7bdF8D3D52a4e2,0.051150895140665
0x9c5E49D92C295ebd6D17cA2E224d864C5EbcF830,0.051150895140665
0x9C8a22dF9440aa7993dB320A5D8c510bb566648C,0.051150895140665
0x9d14083c54a0ed1F776D7426556847Dd75b5E0b8,0.051150895140665
0x9d54afc9a42b375a60f0ad70d073B1Cdbb8B9C9b,0.051150895140665
0x9dB4D7e804c14B3866E50590A772Bc9a5b21a492,0.051150895140665
0xA030F09A010A288964738D71CD36bDBd3BC20bD4,0.051150895140665
0xa0965A534049F8DB246253F28153A09f6ed47D36,0.051150895140665
0xA1Af032447a39923288f8e1E34f74A852ee814C5,0.051150895140665
0xa1F798d88f893f7d2F3C4B49C7DdcB3577D0916E,0.051150895140665
0xa3F8Ad71A6ED01A102035DC2FE775413d1D96CFc,0.051150895140665
0xA54a0CB4F3d45C7E6174f03aDd631d1B795152c6,0.051150895140665
0xA827d17dbD6A26B244A83E194E71d206C9930C11,0.051150895140665
0xa97c8Bf1719656720211a29E5E475b2c31cd806A,0.051150895140665
0xab2F8555f7c8a216176323FE83D8D53277Fa331d,0.051150895140665
0xAB9BC6A84a4b89Ff6471B9Cad5faD441C51e2fDB,0.051150895140665
0xAbc151dF4FC1Cf503E1783abDD066243633d538A,0.051150895140665
0xaCB8AfbC0c429c0A79568c2f51f08750655ce507,0.051150895140665
0xae4C7426605568F48255682fDDcb8857ab5Ec1b1,0.051150895140665
0xaEa9CF8FB4b76e98E4d183a83E4978cB4ac72b01,0.051150895140665
0xaee597aBd13d351E1ee62F560dd3b65BC2494d5c,0.051150895140665
0xaeeD6DA0b6cb5c72D0377FDA6da9DD316BCBfc9a,0.051150895140665
0xAfC4371ABA0F5Abf453a12D51395E63a6D60c7F8,0.051150895140665
0xafC4b8A673dCd249C961731dad946BEd62D85EA5,0.051150895140665
0xb0BAe4007efe396Af81aBf1aEc900995a394FF14,0.051150895140665
0xB25b7BedC134eAC969b4166A77aDFd2021AdE64f,0.051150895140665
0xB28eD2410a968e12c0296961B472716FD751b91f,0.051150895140665
0xb30a498043b84dC13f705AA26EeA61c401edF04f,0.051150895140665
0xb3e7E9C9FB94831CFF7D4283f8a0E9d51c0161AE,0.051150895140665
0xB8Be1473b846880d0109F0f9f5A42De5b1252Cd3,0.051150895140665
0xB91a6fB9cEB1773b087E2C950044af2a1b3AADd3,0.051150895140665
0xBA47dEaF4bC924FF1A62B381C416647864c37640,0.051150895140665
0xbe3B3D1817578320Bdde17dB7a29529C9D5D5a12,0.051150895140665
0xc19Eb01146f12a75af1e33Bc9b076cBf969c604f,0.051150895140665
0xc1A83e29437E4E76046d07619F97cc46613C9AC1,0.051150895140665
0xC1C66A70e9dAb1d2801b4aA8A681ec1b6c67c949,0.051150895140665
0xc38a94B7c51FdD5154bF4c964c5EcFb08f0dFA47,0.051150895140665
0xc49A20749267aFD10763C0Ffe489573217f2ED6C,0.051150895140665
0xc4bDA1612584228409Ee0Ad5c9AbdAb3c1B55c2A,0.051150895140665
0xc8a93b2540EA658EebdF77cA908D677f07A77768,0.051150895140665
0xc992BDC378c61eCFFb7E54bCe71c08eC342b4e73,0.051150895140665
0xC9D15F4E6f1b37CbF0E8068Ff84B5282edEF9707,0.051150895140665
0xcB8C263A4c5B375DF4C1121B8e18011046bBd02F,0.051150895140665
0xcC4367eC50871E9afA3234A91D0DA0CF57eC659C,0.051150895140665
0xcc5a2cA44e80a0B92c444A5fB97c974DE7A7A2DF,0.051150895140665
0xcd5ADd4fb6E89847b391C78c79A791427c0cEaE7,0.051150895140665
0xCdd5930609c936A3884ca364e48C24a841A32848,0.051150895140665
0xCf1B76E6428276cca333D83c7Dfc2732907E6475,0.051150895140665
0xCfeE7B6F49650b16B591680518329B535E118ACc,0.051150895140665
0xd02df454EeBf85278b3C257EBC880709DC5e96Ce,0.051150895140665
0xD291396c9f7A271C432a5aac60b11d4009db237F,0.051150895140665
0xD2B6f76534db375717ca60A921b82a6B583d2897,0.051150895140665
0xd2c6650610283d10AE5B84DA6bC30011c914bFEA,0.051150895140665
0xD408168AD9a4e46134403f9e2fCEee64cD80Ac41,0.051150895140665
0xD481070E6d9834b903125b89093e3B922dD869a7,0.051150895140665
0xd5F939c6E33400CaB59b56056291007BF55A1C0A,0.051150895140665
0xd70f18d84Bb60171956B7d5497DE9CB69212D1DD,0.051150895140665
0xD7bc0402999c0E007911eB04Bf0e926522c29620,0.051150895140665
0xD8f25D554D27949Dd59458A4Bd510eE4D7ee8aD7,0.051150895140665
0xdc115E8b3a636Ec30588194972cd8c0acDe73abb,0.051150895140665
0xdf866811628AA20C8B62e815Ac0B67abBCF63058,0.051150895140665
0xE0063e1F8056C81a9F7E6508E10429B1725D4986,0.051150895140665
0xe1364adF7A0b3D2C24e36fAc5701782650DA9193,0.051150895140665
0xe20A0D5E9fcA49F734d9fC7A71AAfCE973C76e4e,0.051150895140665
0xe212706266CF0d977401fdcAe68a5f291DD538c4,0.051150895140665
0xe21b48C25c6170877747dAd94Dc13d8144Fe9a67,0.051150895140665
0xe3C862213b5a46dd3E6b74725780258a6845aD60,0.051150895140665
0xe3D21B1C63EDC070EA93FB8B29cc05f10A2AA9e6,0.051150895140665
0xE416dE4c881167d7801E456CE461A4A36609878A,0.051150895140665
0xe432E7300Bc65cb96f5A60026fa137001ebDeFA1,0.051150895140665
0xe49D0d8CF01Ea366D804CC84738A768F0b8b175e,0.051150895140665
0xE677C090D51352686a4d3Dd2640eb23D9a829809,0.051150895140665
0xE730c98011AF2625a834CE50f80D2A520Ee120fF,0.051150895140665
0xe810017540bab5F96ea478E84704AF52403cE496,0.051150895140665
0xEB00e35E1218c443Ef9dD62a9FA61e659F82C1a1,0.051150895140665
0xEbf367EDa8Fef77507c4b278cf822e50397D6FEd,0.051150895140665
0xed9f468D8c9e4DEB4095ebF85c45949a3c79b357,0.051150895140665
0xEdb7CCA3ba468055B0062d2Cd033dFE6C6632959,0.051150895140665
0xEDfCfAf83a07DAFC74f5c277EB6246d9fdfCC4DD,0.051150895140665
0xEEaC33aDd28D4743614f59C00Efa6e0Fa25f8D44,0.051150895140665
0xEEc8Ee9D58718b4373dC8F2470d95A5A828EDdad,0.051150895140665
0xEffCf6117E15f2886C31b2448818FeE640C3594d,0.051150895140665
0xF0dc19b1AAFe03e5B9e4dCe07769C0782A057784,0.051150895140665
0xf25CB87FEA822952AcfC5ac1bc87cB349aEA8592,0.051150895140665
0xF3D654ba88700Af7f5F6e51bDD14c1bba8a65b89,0.051150895140665
0xf4BC5D8a1C336B804eE3eC4c1A2A3E1c0Dafeb17,0.051150895140665
0xF6Ec15bc2ab80E45740801Cbe205fF3BdeCD8014,0.051150895140665
0xF91b002921C224b3aeC55650170C78841DfA9bAb,0.051150895140665
0xFa9F65a7622Ddf03047Bf740487f1eC15C28Fe4f,0.051150895140665
0xfBd3931CEDE7f444a9656C33070335296AE1Ea92,0.051150895140665
0x000BC88BAaadad1C23803678FaDd0fDf868b95C1,0.051150895140665
0x015F66613eD3dA4e4C660F623E5502cccdE40E24,0.051150895140665
0x0164741C4A3BaE8cF4A6afaD3EF3B36b55327686,0.051150895140665
0x01Ce1E26ee45c5D007Be096d22B60a5bBaCF7456,0.051150895140665
0x01f536a06573CDb211FbD88cC4A9021126A07bAf,0.051150895140665
0x021b862960caeBccB9e3180425540edFf47E56e8,0.051150895140665
0x02CE6e1Bc383b189bdD3EB98C4A1FE8d8551171C,0.051150895140665
0x0302F3434dBdee9d3faF680cba8A2bAe6b34A83C,0.051150895140665
0x038Bf47b6d00A91C9bbDecF00f46D9192658eB49,0.051150895140665
0x0411731Be3b7cBA409ede437472b75004353D81A,0.051150895140665
0x04cCc7fa2FC600914fa95DB34AB27C9437e742fD,0.051150895140665
0x050430C12d4321630D65D048f286F87a13540aFa,0.051150895140665
0x05514117ff8065485C63678662977CF2B5FCc2aa,0.051150895140665
0x0713eFfB049fA5608066E36bB49dBb4fF9705AFA,0.051150895140665
0x0844839fb6E1b67aA152DF4497c24Bb1fE4A103B,0.051150895140665
0x098915E7F9a03d9d452a642f33a650430aE18c79,0.051150895140665
0x09e25B7A88155D1c022137af6ba14E856e264169,0.051150895140665
0x0a3bed5b833F5d4cc60a59B10887647D144Af3B9,0.051150895140665
0x0AFEfA215838570047245F8246d249d0B1e97B78,0.051150895140665
0x0b4a54808c8d6847FeC5f0107e490aaC81AA25eC,0.051150895140665
0x0b64E00755118061F3D23AE851188cfAb69Fe71F,0.051150895140665
0x0b666C6aB3569DA62B95177A8B96E9f9DeeCBb02,0.051150895140665
0x0B77a69A67e1db07949F1AE09027D6C77Da96Ae5,0.051150895140665
0x0BA89FAe1d2d9D38C8b32e60B8f83c1862a81D89,0.051150895140665
0x0c35AD0125c2058697Bc823A3dE075F736b2C7A1,0.051150895140665
0x0c72eaE9d377371332c4851Aa0151E053689078D,0.051150895140665
0x0e0B6b12717D029047Bc039460016782cE458e0e,0.051150895140665
0x0E57352219aCe0f65580dA3D50f07d9d74E10B58,0.051150895140665
0x0Eb0ddfB4350Bae7435aCD27504926204235A9DE,0.051150895140665
0x0f0a8AC5cCAf139453cfc76E6d76dd5D02Cc26EE,0.051150895140665
0x0f43a67ffDDEE04a99cC15e47eFe62DCf28B1825,0.051150895140665
0x1001A5759B7828A219502694DAF6BdE5e16dE365,0.051150895140665
0x11244663cE97aE5432E9214aFa8a64f88B57800d,0.051150895140665
0x116f595C60ff7Bb6Ea87c9B0d16acc7fC9C53a79,0.051150895140665
0x11e6aBBEfb2CD3611653eCb5885b2Dc3695d8E48,0.051150895140665
0x125DaDB11BB7d0C6e947bDC67292dE4d032A30a5,0.051150895140665
0x12990834aA3c237A2EE7002c4A122EA14bc94904,0.051150895140665
0x138FD85530F45287B36f9aC51e784A65440fD888,0.051150895140665
0x158e2f53c316bff27A5663f81488B0037C65EA55,0.051150895140665
0x163eD1351D40002A90DD27348229A3A97A8A3689,0.051150895140665
0x171c4E80E4cA6bBe95Eb38D9d226b52897350dBb,0.051150895140665
0x1730160DAD28284A884683Af648C4e10aabB7BC7,0.051150895140665
0x1738357449eD8DB27347a1f3aD43f087BF810915,0.051150895140665
0x18B6f17e1eF1Faffc9c5A91e689E7b78BC688253,0.051150895140665
0x1A8d6D5aBd8948B647C51bb7B071B718fD90D6ff,0.051150895140665
0x1c28073c81aaf9D701787c81d755B86ece4964fF,0.051150895140665
0x1C5f31d2571260047fc0BcEafa8aABc1CEbecFA0,0.051150895140665
0x1C843ff46F2A8e2d50C2687E8f33B1e5db5D92c4,0.051150895140665
0x1D7DC5Ae5d59Aae85dcAcd04C0F69AE6a351838D,0.051150895140665
0x1df03fb4EB9198b54226421E8bA26aC7c8746F76,0.051150895140665
0x1e3D70175Ab98d4d5Ca172e32073EDe4705d5F73,0.051150895140665
0x1E99860bdd2cc839B0D30358E975783d9fE1f031,0.051150895140665
0x1FC3C70e379A30aB570b3C20f85554Ab1301b591,0.051150895140665
0x202CfE6507f9e030668B077E5442d7c364147b07,0.051150895140665
0x217c47d295496B0Ce07264C75B962de5E3791c78,0.051150895140665
0x217d9a5c581a1D427B074548c9F44bb724B7fC20,0.051150895140665
0x226AC17b8EF3feE407FC541FccdF6053f21A786d,0.051150895140665
0x232Ee8fB2977ce93FbeA98bb89655d9228eA066B,0.051150895140665
0x23Ac34D2933Db79C2Fbcbc433ccaBc1F2DAb6c5A,0.051150895140665
0x23f99F7c884EC406C5DF92c1946F04d344bD14D3,0.051150895140665
0x245E27e0DCca0AA66187301Fe6f797D80907c06C,0.051150895140665
0x24b905eCe6aa9C3A347a1230E1bFF82a786dd267,0.051150895140665
0x25B6B9965841DfD61333fA61359bE5D391F98C02,0.051150895140665
0x25FDda95197F804316F5ba8dBb66ac173ee19981,0.051150895140665
0x2807C205bEDc4361D913EaBD02D30f4A0D64E559,0.051150895140665
0x28824A1177A6617D8aBB616153b4d2386c78909C,0.051150895140665
0x28fd951FEb5804303E2af5124ffE4AE63d323458,0.051150895140665
0x299016dD4bB67E0dB8Dc67fF26f0c3c95966Ec1D,0.051150895140665
0x2a0943057a4414D481742ABb46709d61e162f62E,0.051150895140665
0x2a9aa17D48a393C4E808D50E810A3Bd494CCdC75,0.051150895140665
0x2B29833a831207A3B92102b0708B32D624AA0F65,0.051150895140665
0x2b3195294A2ED58d875e6Da9bcB6e7237b890351,0.051150895140665
0x2B96749Daa7f8219198f89bF802D5f69c90c0110,0.051150895140665
0x2bdd4A6023dEBAe502C8d467ec8Bf9280EC2aDa4,0.051150895140665
0x2c67208F520a9345c61D851697f1723E20e50bE8,0.051150895140665
0x2d4F3dCF666E6FFe6385C2219eF1D2cC6b29fF0D,0.051150895140665
0x2Ee43a864973161Fa018367CE62325a05A9518b4,0.051150895140665
0x2F930C48319A3f6AEf8a50587C5dDb7c40421383,0.051150895140665
0x305396917c8148b78134D1358791511b947bF74f,0.051150895140665
0x32685feD4E4C1817ABbac42c938A6D9d98c0e5Af,0.051150895140665
0x3381F05b3881d00414267eAafE7cA6DCa9C4Bda3,0.051150895140665
0x3394cD2A452C9603909e51e15eaE8fB21D1c178D,0.051150895140665
0x33e8cC8cE0d032764AFF73925C99083db9be0fD6,0.051150895140665
0x3511cfa84898B40B2D6750e00382da97B9aD33D3,0.051150895140665
0x3572a39A54d6da26dbF782f9637807c62Bd86b91,0.051150895140665
0x378773b8C6B4155482CFd7eA46B3429E0753b88a,0.051150895140665
0x378e166221Bc30e8d5DE154c28590595F45e023B,0.051150895140665
0x3843F630799880E1874C164d32a62F3110f89450,0.051150895140665
0x38D2dFC2F67Ce4a9dAEfE6C2F2E3882042f5E439,0.051150895140665
0x38F7Df636b906fB31eDeb2b8d25783315BF2E883,0.051150895140665
0x3a756c3A7C5900eE8fCD20DAD689ba19e5ee4F00,0.051150895140665
0x3b701b212Ff5Da5dB35A03DF6f30aA043013ff0F,0.051150895140665
0x3B9Dd258C0132059DDe6bb12E80e93acB80cEDf8,0.051150895140665
0x3CbD8eCc3019E7e78ec05fD96d8a365B7f5bA270,0.051150895140665
0x3Da6ec463eE8506c03d579BaAC660B3e60535108,0.051150895140665
0x3E34C0C59FCe7343166BEDbC509a51575BCA523a,0.051150895140665
0x3E935eE9995f6b21719b6312B9e744e3b0Cd04c1,0.051150895140665
0x3eB2eFE514D73F9Ce521E65e1466C9374736016d,0.051150895140665
0x3f91f603872e7fBa062C4f6ea5FCDE5BDcfC4E77,0.051150895140665
0x3fD28155ac4519b09a56337a2C2321446b2fC4c5,0.051150895140665
0x4001cfa1be44fC2a72508E1a61E07BbAF2Cf51DA,0.051150895140665
0x404B9F5b597fcD57111013F54dc778384a7f3fC1,0.051150895140665
0x40Ea55bB7D3886d78B676c15360022A26E690953,0.051150895140665
0x415016cE96a2aA1Ba854527E201a39f26d5788eD,0.051150895140665
0x419339fDBE1e7726F2E4b6c12B7392C323741ACc,0.051150895140665
0x419a2B160c0DB5dA0011D8Aa96F86D7A6fdd25a5,0.051150895140665
0x433167fafd856891571986dCA3000e82c29f07Dc,0.051150895140665
0x443fcA67Fcfb6c65673f4eABe2f9ab88a75FE1fA,0.051150895140665
0x45961fB39F6D86D6610e6C9F13558C50b566E455,0.051150895140665
0x46244e62A60e8097b9B8021495fF667D66F44177,0.051150895140665
0x46804e0AE482300358C8B0987BDfef715F063566,0.051150895140665
0x478e78583A27972845971fA1bf1e43fBBF14d7F0,0.051150895140665
0x49094de525d814E00cbB406C8d1D8E0Ddeb079eF,0.051150895140665
0x493111898a37D60C18C3fED6282987d44B1d38B0,0.051150895140665
0x4b8bab40B8C5f713770c88EB067EB59E1C415c99,0.051150895140665
0x4D3428307847D1924C529a97C8f8b1c733A5961B,0.051150895140665
0x4DBA09d91063198b38E78b4573BEe32F350AbC3f,0.051150895140665
0x4dD6e84e6707BaAa3744037648D76a9BE537459E,0.051150895140665
0x4e8c744AeE4bC6F9B20125E7B3d884d20e5d90Ca,0.051150895140665
0x4F5BF0af9E12fdA6E483Ce605915988663380F34,0.051150895140665
0x50512a08B4E2AC1315A5F03eD791DE5f7c2e6093,0.051150895140665
0x50aBE6d73bc1A4A20e87D9707eBAC862fBF0CD50,0.051150895140665
0x50eD2F03e85B760CF80D6a4B236dAc3A5d25E1De,0.051150895140665
0x52118bdc1beF0F6D8294FAb0D4e5e428C7a03980,0.051150895140665
0x52509e3d2a165416e14cc5603E99957b9CE83B0F,0.051150895140665
0x5282055ca09cc3634B00C2EbB55c1E8666b354C7,0.051150895140665
0x528bcDaD46F9F0f0E6556f803E525999663b6bd9,0.051150895140665
0x531d344F0932c2Bd08d71c841caFdA6fd8B3C9d8,0.051150895140665
0x5365a2EB8824724bF61AE5e8c69fc71638b5c5B9,0.051150895140665
0x54C1CdC8af0502C79A6Ad819a9Ad4eB0682Cdd99,0.051150895140665
0x552920Ce48B56EC14941eD9355345487D53e5f64,0.051150895140665
0x57E1AA447734Ea5C8A0c01749aeac913Ba98bC59,0.051150895140665
0x5826eAd942C1f7536B6183F89B20601c3B30Ab31,0.051150895140665
0x58c8247c7C9d3fB71b828FA44375f7d09b4D70B6,0.051150895140665
0x599f93F297BB772E57e9E4921b1A589A4A762146,0.051150895140665
0x59dfbEE34004F7fF37911FE59c04bC78df06C53A,0.051150895140665
0x5a1B2712Dc2146d4F302f7691bDC53c69f8c8476,0.051150895140665
0x5b0f944A1F612Ada88e89E1a788a12eED418f470,0.051150895140665
0x5B90524B361e3c4A0A8939e618C90318f30c764C,0.051150895140665
0x5c62eff9304Bc392Ca46C8e67Af38C21308F2d3b,0.051150895140665
0x5CE90D6554e187Ade6079A8137B69307c9541924,0.051150895140665
0x5d915a4749a224706b8cFe0D4179245BDC8F9D6F,0.051150895140665
0x5De674F5f961E190fd7aD55fA9Ebf44523F8Aca8,0.051150895140665
0x5F31cB7BA045c271e1A38570aC5a087238d09227,0.051150895140665
0x5FfB184Fd6c7C5BD9D171f5eA056dd01c42F2B11,0.051150895140665
0x5FFB5c4E131104286c07A58d815E7bc67eF27faD,0.051150895140665
0x606e8d44189D62Ffdc84f8BC601Bfead1C8588dc,0.051150895140665
0x61697661A0D28959A89025886A3156644e98f744,0.051150895140665
0x61dcD613bD17a350Bc9A39b8F582C27DA0E914C9,0.051150895140665
0x639cF6180A6bBB91Bd2aBd24C2469876393Fe279,0.051150895140665
0x642d6B761D5143207515fBb5a9f3C0365eabd09c,0.051150895140665
0x64bAC0FC115Ef0bb3e49EAcafE89a8404Dbb4c8a,0.051150895140665
0x6592b156536D0bA41666DD56B890292ec458fef5,0.051150895140665
0x6623a40aF16273CB83f406cbf04d69d7a444c799,0.051150895140665
0x687e5585d86AaACCCDDE72f24AE2d89dB85A51f6,0.051150895140665
0x6939df27e96e8A615B6ce9d9b1CB2046fbA91e46,0.051150895140665
0x6941b9F6763993F2F31b94f3fe08489B26368DA3,0.051150895140665
0x69810dF8bc9E549A9a70DE1782Bc4735007bae4f,0.051150895140665
0x6a7228406A41037F2730Ade25516212F65A2914D,0.051150895140665
0x6aCb72f5BbB4ECB4BD171C660DFe3CD19d89c95A,0.051150895140665
0x6BFD9fFA144e1E271Ff01c44944a2201ECe88DD3,0.051150895140665
0x6CC5191AA09c6d7D0678b98Bc15107C19d08D7F5,0.051150895140665
0x6Cd41A6418Ddd8251EaAf41Eb136b5359A115ca0,0.051150895140665
0x6cddbCB720F037A3B4abdD7a39Ca5244ecA2220E,0.051150895140665
0x6d45D2b51e180326FA89dD1a2A9E74a510D0DB98,0.051150895140665
0x6DB8B6cf7B6375bfECAAC81ac5a7b0F12aa43E3B,0.051150895140665
0x6DbB70A8ee2206D99e66406437F280E68d18F247,0.051150895140665
0x6DD7A2948b38bDe6Bd4503F8EF1eD71c700ADb78,0.051150895140665
0x6E59e1D68987c96A83FDD3195606C828501d66aa,0.051150895140665
0x70C8a0f06A3d11d29e93f1db495F35407cc3149B,0.051150895140665
0x71d6241DB8EA54c85A5CE5bdDae631E23867cc0D,0.051150895140665
0x721d7D4504cBe01CFa4F8D24326bcCCd3462C344,0.051150895140665
0x730A4924D660932b66B2f0c2Cf4e620Bc49089eF,0.051150895140665
0x73ad1fa39dA20878e50A277419cEdA761F722182,0.051150895140665
0x760004a31B7eA45d71FEbd51c049c164E84fC505,0.051150895140665
0x7616CFDAAE6Bb7c7091d6f52cbB7842c98168eDe,0.051150895140665
0x7849064134fFf02d41A7B306411f4982FcC83e6a,0.051150895140665
0x788F6eF30186810873Fb2781a2B1020b2751067F,0.051150895140665
0x7911ED1EeC934F1c3719D5C760c01Cf77F6f38F8,0.051150895140665
0x79Ca455Bf1305B7eBBca2bB810A8FEC8A1330f51,0.051150895140665
0x7a1E7af55820722A04Feae5d111573DbB60a8bF1,0.051150895140665
0x7A3711868980537533C149b248f0864C5b1fccdD,0.051150895140665
0x7c7160A23b32402ad24ED5a617b8a83f434642d4,0.051150895140665
0x7caD214aB12C6CB537Ad4d78f1F2fb69E0a7A71F,0.051150895140665
0x7d2927a15ef73Cd5B97Bc825891a259F00f4007f,0.051150895140665
0x7D4f427Ba49Fda40E78EdA48317A13F440343512,0.051150895140665
0x7d8a0c4f10b691201178b56132E895C7b01ea257,0.051150895140665
0x7f4476A098a0493571367BE6Bbe72455EC17b1fb,0.051150895140665
0x8096dE9D6d200ae83828F7Fb402bc9BD8F6Ce1ff,0.051150895140665
0x82bC19e562C00BE3928471Cd07b5fFf4DEa3Df18,0.051150895140665
0x83719e0AFA6317b706226E27A08801B88BCfBB1c,0.051150895140665
0x841516a529762425DAc1B74761fC8896FC635Cf2,0.051150895140665
0x861726C69fD3A67df312EFa34F38601242b2744C,0.051150895140665
0x86df3aaAE4D46083f134882bA3c23E949403E9Dc,0.051150895140665
0x870e308c809cC3f1587bFBd4B7668c4D2eaFF5AA,0.051150895140665
0x88348Bd2b058DF0f575Dd6FfF4891FcE789416Cf,0.051150895140665
0x883F2001D02CC22D48A1D4c819A0E27b24c86663,0.051150895140665
0x88E871ceA12e7A94c9ff9057C1F78cA3F36BEfFF,0.051150895140665
0x89f6d9340134eAA54Cd8b6A6de022222B3520B30,0.051150895140665
0x8a1024C2C4FbD0DF053816b2bA8222066cE36Cd6,0.051150895140665
0x8d1509e0240EbA23CCCD58941Fa2b5D7fF1fc70f,0.051150895140665
0x8dc76109787193a9325B669303bC4c9B12A7365A,0.051150895140665
0x8dDBb4815f49048d1e9b118D83e4e5Fc67798Bb7,0.051150895140665
0x90643fd84ae9D087933744Df7417297d950EB1aA,0.051150895140665
0x927b79116623f5023AcD659C841A9e6F8f9C6c25,0.051150895140665
0x92B886d05c30677F1F596F35e8099B79fdd670Db,0.051150895140665
0x931c7DbFF2C2670B7190F55b8402A35Ef3ce38e4,0.051150895140665
0x9355ad955B61a98D5cE9d66B92F0450d18A8586e,0.051150895140665
0x93e845Af2B32264d2F093fd9cb2f46AFd9cdBa09,0.051150895140665
0x94E85a49B9D7F9baf9Eb4DD9bd10CDFe945Ad7aC,0.051150895140665
0x9547cF37891D4bAb0FFbeFa9b02f356f66438C4f,0.051150895140665
0x957E4372daC9Fb744b4E3832FdE4057bB73D1d62,0.051150895140665
0x9675cC9f11BA7CC3352E88f83F12E0141640AE6E,0.051150895140665
0x96CC2d7340409D5fc3a1f24cD95E5d5F7Fd5729E,0.051150895140665
0x97De2D56aC3c6828855C78A9Cb35042C285d29B0,0.051150895140665
0x97E7cBB15b37654f72e5239Fed88d879fA8f0F9d,0.051150895140665
0x97fCEF2C0B9aac3bb7C5a48CEf445a7D5C8F45aa,0.051150895140665
0x98b98eD63994c4F1EcB1B036826c53Ee706Abb35,0.051150895140665
0x9a2d3A7246E2AD2671fF744AbE9AcEa71AF3D059,0.051150895140665
0x9AFc8bf27D746cB6b864ED1289389693F948957a,0.051150895140665
0x9b678EF56aA0Ca984465Aa786F11CD0060441Cee,0.051150895140665
0x9B9219aDbF968f55C325B2722207c68b32249484,0.051150895140665
0x9BA4ed959742006CF8F8D84e87522AbebAe2f4Cc,0.051150895140665
0x9c321ff36747193452B11BD84273C3C65fa45666,0.051150895140665
0x9c9D87496DA882fE7959B75C7E45ec4f00828f54,0.051150895140665
0x9CA88c319aF1F84B79b1E29798Db23e292225e0A,0.051150895140665
0x9Cd613b4fC04393E0aE31F096615569b0dE6F43F,0.051150895140665
0x9D183f22eaB0B49a4d5cDe4Cce85A24FEF3f91F8,0.051150895140665
0x9F226838c77B35726Db23961CA510c98bB03E04c,0.051150895140665
0x9F295B27824C09148ef9956CD76cBF08c9E46926,0.051150895140665
0x9F48ECB0839719c6aD3599E2C9e3030CF92319EF,0.051150895140665
0xA0259aa335Fdd2d06753d4f332d0B9A6FC8Cf342,0.051150895140665
0xa12aFb3D6e4133f0c6E2bACe4f29c3b38AD9A5b1,0.051150895140665
0xA1488163E7dE63D98712f8E4cCE3D8CF1a6cF234,0.051150895140665
0xA21A130493f6FaEd2f6EC8d129ee38Fa5BE873d3,0.051150895140665
0xa32Eb83b65B299D3A176122E90C7BE6eDAbC753A,0.051150895140665
0xA3f94701Ad250bfa02dab503B5740FB251FA9dF4,0.051150895140665
0xA4256cE0ee2B1679A93395b88033EA26f1fF11D4,0.051150895140665
0xa46C4FF5DD53a58844a7CEC15900E6f2C0ccd2f5,0.051150895140665
0xa48Ef4A1dd77AAE310ac293A2d29e1DF363E212f,0.051150895140665
0xa497c1e04cecc9f2ABaDE23CBAC6DE254a1148cA,0.051150895140665
0xA5b02095Aec69ef5B9308e1eecaBb81c55CA0686,0.051150895140665
0xa7F89555236aA2C814cfb65FD92308bDB2587584,0.051150895140665
0xa97f16c9BAB44c01f8a5d8db850DE4c7dD9C92aD,0.051150895140665
0xa9A0217F55908FFF7fA270384609cAE9fBb6dF82,0.051150895140665
0xACC62d16C8215abAE63110d6f0C8A595E4f38311,0.051150895140665
0xAE7038BB91F5E9319832E5bFb030F4d9bBC721ff,0.051150895140665
0xAE90d19159Ddfaf0115fb9431ce90fF504e09C1e,0.051150895140665
0xAe95e90dA1D9F556C1A7cb903C2620BD945796D2,0.051150895140665
0xB3623D62FF30fadB5B2e127C07cab0D1b0808276,0.051150895140665
0xb44626A25C5451078a3992f5e1DADF3AA583be99,0.051150895140665
0xB4ce66908Ba84636F2b33d9Bee364f362E7ED4C5,0.051150895140665
0xB4dB3617b76a04ACd4274987E93Fa2d92ffdD4A3,0.051150895140665
0xb7615fC00FABAc7974cD6008736C2935a77319cF,0.051150895140665
0xb7a736d5043CD2964173a16aBC14112d3c16a359,0.051150895140665
0xb7Fe39b5B0680291d165690142B2FC2416aeb602,0.051150895140665
0xB816053f0d1f48e6102F20905A2fAeab1D2e6Fe1,0.051150895140665
0xb84a1a52Ab194212955688816d7437455C99B978,0.051150895140665
0xb9be40bdEc31ec3935830ACC8BCAAd1A431F8BB0,0.051150895140665
0xbA12C08C2690f8b8b6cBd2e09f6A9614251cAbd5,0.051150895140665
0xba593bC51e8CC485800D1e97B8d0C7D937465AaC,0.051150895140665
0xBB63C7DD57ABdb5E6E249A2a704Aaa050CA6363b,0.051150895140665
0xBC972b47F3c3B07fc69cD8a9a558Ab704Ad19de1,0.051150895140665
0xbD62733905DeE3384d2F6f2b2E904F782A13036D,0.051150895140665
0xBeA9A6801a788ad2396fC97a24a305e2ed854A9E,0.051150895140665
0xbEe3e5BDb8c5adf080Bfc5361e7cD9267f6c6D64,0.051150895140665
0xBf6788EAbf9321d3bEA6eee2cFf5136fcE675333,0.051150895140665
0xbfC6d49E7beE26e06C8f5C1886fD4c99554C93e9,0.051150895140665
0xbFD06227464559D1Cfea3D8551a3846D158f640a,0.051150895140665
0xc00d1e09Cc659e19a48f757e562Df04ee948A955,0.051150895140665
0xc0B95f94675289F00A19F6deB7585DA1A2fC6bBA,0.051150895140665
0xC1a9fcaEd7238982896e28056A7D67A1B538ef57,0.051150895140665
0xC2B96F3480077b7D8e3011b42bf6e2c6afaf33CB,0.051150895140665
0xC2BABe0ad3DAA699C92284119875C36290674441,0.051150895140665
0xc3557229027627c1a46109cD6218830a9dfa1D1D,0.051150895140665
0xC37Eee5C159D22071Fe0dCB2426d1c14044Bfb89,0.051150895140665
0xC3aB2C2Eb604F159C842D9cAdaBBa2d6254c43d5,0.051150895140665
0xC500e50Ba65A855CcEa5f91FAdcf3A3785B1906E,0.051150895140665
0xc69C8aa8B19180b58117012E2ff7718ce8C5bAFC,0.051150895140665
0xc704a17D5dDBeC7f70F61D0b2e69A75A4146EC64,0.051150895140665
0xc717822490935812330bbA22ceb0930B8635971C,0.051150895140665
0xc83F366d0FaF6a0568322D6fAFb17C5b8A6C98b7,0.051150895140665
0xC948f617D092E04279d08afECAA598A8e0eD45E0,0.051150895140665
0xC99DD6f873aBeb8f4417A4A2260c1A69DA4595f0,0.051150895140665
0xCADd21571DE4074e7ce90D52423E54fB7601866e,0.051150895140665
0xcc961DDaa00d07ee98cD56fdD8f1798608Bd331f,0.051150895140665
0xCCdE014872be31E387d22289F72842B52A562f22,0.051150895140665
0xcE7B0510486b90d41Fd4ecD15F707E530c485aa7,0.051150895140665
0xD04d75297F1C134913E93C84954E1859a0238B85,0.051150895140665
0xd0C57a1bc1f291d2c2Fef2bf70D48A7F5a9aD00D,0.051150895140665
0xd1Bac4ce73E37Dbe75f7F2c5EF966795172590cA,0.051150895140665
0xD216f494F41063B6f86E5421f1e7934FDBfA2E98,0.051150895140665
0xD225Ed38895F1C0555d178fD335a498514032314,0.051150895140665
0xD41A0d3B31EAbaCb3E8e0E11EeC153a0917528a0,0.051150895140665
0xD43eb3e2A19a274131F73Cf5FA139cBB3cD37e06,0.051150895140665
0xd462308B2d7D2eEb4042BAd85d61c6Aec8F6CAcd,0.051150895140665
0xd4FeD2d71D12965d5637C90D393cA1eF4915e4B4,0.051150895140665
0xd645Da627d8Ea634e5cD4F7e5B522ea07478ecB3,0.051150895140665
0xD6d9AA06FD1a2eC6a8d28C18a6D2D39487c9c2a1,0.051150895140665
0xd82c1f7EA44f7a22D107B844a9FEE94e70f3018C,0.051150895140665
0xD9012a2153f08c0a97bc4916782BfdF174bb9E9D,0.051150895140665
0xD9977af42CFC536B18A58C812f667528eD1Cb62a,0.051150895140665
0xd99A898DC250Fb337a60858782a071F0e1bCD1d2,0.051150895140665
0xd9E330087ffA488daF178e15754848e22f2f27d0,0.051150895140665
0xDa1B21D41E62C4ADf45952939eaF742bE5dc34Da,0.051150895140665
0xDBE8b6ac90cd5fc485b3982b402A1c8951b10892,0.051150895140665
0xDd192E89F0F25993C08EB49507B706Ff230359C8,0.051150895140665
0xE073AE59b39284c36FCE82Ef736044419fdE2668,0.051150895140665
0xE174C7b1E5081f10b7BcA87858073294f28E25Cf,0.051150895140665
0xe23924E164d80aD4badaC85D077859294faE18B4,0.051150895140665
0xE23dB2369fb3B82Ad360C3E36C4A3D58685C9061,0.051150895140665
0xe2F62DfeF10aC98830c9cD29EE240B18aEEB803c,0.051150895140665
0xe3CE1f8578FB61c210f16C6c0e363cCe88ffA9e5,0.051150895140665
0xe4065fa5C3F16E67d0003A315B53C85151f62C3D,0.051150895140665
0xE501f00aBf7Efb0bd6Fdd9a4538647E787DFCe4B,0.051150895140665
0xE53f8Cc868dC2e0fb1Da5BD1b5E6404600A6DE22,0.051150895140665
0xe591Eec6C07eF55Bb060983EFE772cE62A1D5AF4,0.051150895140665
0xe5B54ac18dF549315e02f71EA50207fdFE54c591,0.051150895140665
0xE76f1230c61160206306CB55e524d5843bAD697a,0.051150895140665
0xE8758d3b570297a9BFB3656c50FD04D9F19C0EC6,0.051150895140665
0xE8D063F9CfD0B438E66353EA362fdb921530a084,0.051150895140665
0xe8E83Ddfc373BBBD22eDF5A80a30eC7DEd8f2b47,0.051150895140665
0xE954F4c5249C505876DEC5324754Ac91471Ecc36,0.051150895140665
0xeADd2ae6aF32Cf86Cf8b56aD4d42E056AdFdB1f8,0.051150895140665
0xEB63B57AABEDf4e3A715F48af77E7D7aF3FD709f,0.051150895140665
0xEbC3b7C7ac3f52bcc4d7CA387E75C165e1DC294d,0.051150895140665
0xEC53b7e613671d2E7F0b6f297C77EEC5324dF762,0.051150895140665
0xECdf7c8AFda321B871d2E049809459c00D622587,0.051150895140665
0xEE2Ab8410e1f7c4b75C5f7948E127E2d1424EDed,0.051150895140665
0xeE49fae9367Ad466BD040326915d7dca4f903A44,0.051150895140665
0xeEc3d29611a213CB7762c9581E745Aa91f9c53dA,0.051150895140665
0xef368961d125bf7a6233b1d98e6bE92630573079,0.051150895140665
0xef5dC0c4Aa70Eca0DC6Fa101Ece1fCF3d1793A9a,0.051150895140665
0xF103B53F3e6f66b5C97c27eb423ED875F127b7A4,0.051150895140665
0xf11C0f6Ddd88fA364fC8670547E4e27cFc2dB137,0.051150895140665
0xF132ea4610d4F278D611E1a177aca5280F89fB99,0.051150895140665
0xF1629644cA4217eA01676Cd857dCBff477eDF5C7,0.051150895140665
0xf193CBE7a695152F7796b11794ce797FF1bE0053,0.051150895140665
0xf2A03a0Cc021C2f32C25D9639834E102B84a37A5,0.051150895140665
0xf34F800E22e95CDEe2C514f7Ff6B17d0b25d1fd5,0.051150895140665
0xf3B1974a2C9AB6Eb546bc22A31dD68AcC29C8628,0.051150895140665
0xF4004A3a07e13cb66d1A9Bbf529a1bAB5BD48C12,0.051150895140665
0xf4292d7Ae44b16cf906B466523E2635D06E23F6f,0.051150895140665
0xF5F4159D3a54565E39Bd1593d47F97E122F7bef7,0.051150895140665
0xF635551D0B29A6C203fC8A02A2eEA076412dad74,0.051150895140665
0xF66ABeC43518a07f691432E280E02710984A9929,0.051150895140665
0xF77F4488f1B67e0D72c44cD24a1765912062e84d,0.051150895140665
0xf7B0341D3c4a21455d9939a053D41D9f906681DB,0.051150895140665
0xf8ad48e42479e8DF2E7bf04D2b00558491d1400a,0.051150895140665
0xF9026a59df6832fDA8e6D160d60E46e84BB95575,0.051150895140665
0xf95bE92Cd94Fcc2902f4002244D2fbF517380F10,0.051150895140665
0xF988C02C2b752D54b7Af24267F6A5BC76F256159,0.051150895140665
0xfAda10b64f205b43510BB645D99D03e3A80180fb,0.051150895140665
0xfB242889089CdD6F4C006AD838d18c27B4B97Ca0,0.051150895140665
0xfC49f90C00e2193B2776f9c0b58e25d7ABD4D2b3,0.051150895140665
0xfD03f79379010CB5FdcddB0Dc998F1a9d3fCE9A0,0.051150895140665
0xFe3e66B52AfBD84045499297f01DE811478a8fdC,0.051150895140665
0xFe5Cf02fB96787ffe845aFC0E50c0F77a1C11B32,0.051150895140665
0xFEC561A24fCc4aD3B917FBCe29181d8f12c956c1,0.051150895140665
